dataset_name;sampler_name;subsampler;label_propagation_uncertainty_treshold;hidden_dim_size;dropout;distance_loss_weight;learning_rate;seed;Labeled accuracy;Labeled macro-f1;Labeled confusion;Labeled class accuracies;Unlabeled accuracy;Unlabeled macro-f1;Unlabeled confusion;Unlabeled class accuracies;Test accuracy;Test macro-f1;Test confusion;Test class accuracies;Budget used;Class distrubution
CiteSeer;own;random;0;64;0.5;1;0.005;20795212.0;0.0;0.0;[[]];[];0.043422184006878764;0.022651102737766746;[[1, 11, 10, 57, 0, 11, 7, 9, 3, 23, 31, 18, 3], [4, 15, 21, 96, 0, 20, 12, 41, 10, 42, 114, 33, 5], [3, 3, 11, 49, 3, 10, 18, 10, 10, 16, 303, 27, 4], [2, 18, 18, 61, 4, 20, 24, 27, 35, 30, 124, 113, 14], [3, 30, 6, 134, 2, 9, 16, 30, 5, 36, 120, 21, 5], [5, 4, 27, 91, 2, 11, 8, 17, 9, 37, 103, 29, 12], [0, 0, 0, 0, 0, 0, 0, 0, 0, 0, 0, 0, 0], [0, 0, 0, 0, 0, 0, 0, 0, 0, 0, 0, 0, 0], [0, 0, 0, 0, 0, 0, 0, 0, 0, 0, 0, 0, 0], [0, 0, 0, 0, 0, 0, 0, 0, 0, 0, 0, 0, 0], [0, 0, 0, 0, 0, 0, 0, 0, 0, 0, 0, 0, 0], [0, 0, 0, 0, 0, 0, 0, 0, 0, 0, 0, 0, 0], [0, 0, 0, 0, 0, 0, 0, 0, 0, 0, 0, 0, 0]];[0.05555555555555555, 0.18518518518518517, 0.11827956989247312, 0.125, 0.18181818181818182, 0.13580246913580246, 0.0, 0.0, 0.0, 0.0, 0.0, 0.0, 0.0];0.05194805194805195;0.028500027313586637;[[0, 2, 5, 16, 1, 4, 4, 3, 0, 13, 22, 9, 1], [1, 11, 4, 51, 0, 5, 2, 11, 3, 19, 49, 17, 4], [0, 3, 7, 18, 0, 5, 8, 7, 5, 10, 129, 7, 2], [1, 9, 3, 27, 3, 5, 8, 13, 21, 11, 50, 54, 6], [1, 12, 2, 58, 0, 6, 14, 10, 0, 12, 50, 9, 5], [2, 2, 3, 32, 1, 7, 5, 7, 5, 21, 51, 12, 5], [0, 0, 0, 0, 0, 0, 0, 0, 0, 0, 0, 0, 0], [0, 0, 0, 0, 0, 0, 0, 0, 0, 0, 0, 0, 0], [0, 0, 0, 0, 0, 0, 0, 0, 0, 0, 0, 0, 0], [0, 0, 0, 0, 0, 0, 0, 0, 0, 0, 0, 0, 0], [0, 0, 0, 0, 0, 0, 0, 0, 0, 0, 0, 0, 0], [0, 0, 0, 0, 0, 0, 0, 0, 0, 0, 0, 0, 0], [0, 0, 0, 0, 0, 0, 0, 0, 0, 0, 0, 0, 0]];[0.0, 0.28205128205128205, 0.2916666666666667, 0.13366336633663367, 0.0, 0.21875, 0.0, 0.0, 0.0, 0.0, 0.0, 0.0, 0.0];0.0;[]
CiteSeer;own;random;0;64;0.5;1;0.005;20795212.0;0.8461538461538461;0.8833333333333333;[[1, 1, 0, 0, 0, 0], [0, 5, 1, 0, 0, 0], [0, 0, 2, 0, 0, 0], [0, 0, 0, 1, 0, 0], [0, 0, 0, 0, 1, 0], [0, 0, 0, 0, 0, 1]];[1.0, 0.8333333333333334, 0.6666666666666666, 1.0, 1.0, 1.0];0.29139645482057935;0.15991972195794316;[[1, 133, 48, 0, 0, 0], [0, 320, 87, 0, 0, 0], [0, 130, 335, 0, 0, 0], [1, 297, 182, 7, 1, 1], [0, 382, 33, 0, 1, 0], [1, 198, 143, 1, 1, 10]];[0.3333333333333333, 0.2191780821917808, 0.40458937198067635, 0.875, 0.3333333333333333, 0.9090909090909091];0.2867132867132867;0.15662150722719662;[[0, 62, 18, 0, 0, 0], [0, 135, 42, 0, 0, 0], [0, 57, 144, 0, 0, 0], [0, 120, 83, 4, 2, 2], [0, 166, 11, 1, 1, 0], [2, 89, 56, 0, 3, 3]];[0.0, 0.21462639109697934, 0.4067796610169492, 0.8, 0.16666666666666666, 0.6];13.0;[2, 6, 2, 1, 1, 1]
CiteSeer;own;random;0;64;0.5;1;0.005;20795212.0;0.8461538461538461;0.8134920634920636;[[3, 1, 0, 0, 0, 0], [0, 6, 0, 0, 0, 0], [0, 0, 1, 0, 1, 0], [1, 0, 0, 3, 0, 0], [0, 1, 0, 0, 3, 0], [0, 0, 0, 0, 0, 6]];[0.75, 0.75, 1.0, 1.0, 0.75, 1.0];0.47695652173913045;0.364572446778932;[[16, 74, 8, 7, 46, 29, 0], [19, 249, 28, 13, 52, 46, 0], [5, 111, 189, 17, 92, 49, 2], [23, 99, 25, 97, 180, 61, 1], [1, 39, 3, 3, 329, 38, 0], [3, 31, 8, 4, 86, 217, 0], [0, 0, 0, 0, 0, 0, 0]];[0.23880597014925373, 0.4129353233830846, 0.7241379310344828, 0.6879432624113475, 0.4191082802547771, 0.49318181818181817, 0.0];0.47652347652347654;0.36645279029523625;[[6, 37, 2, 2, 19, 14, 0], [16, 98, 13, 8, 25, 17, 0], [4, 43, 79, 7, 42, 24, 2], [5, 30, 9, 54, 81, 32, 0], [0, 23, 0, 1, 142, 13, 0], [0, 17, 5, 2, 31, 98, 0], [0, 0, 0, 0, 0, 0, 0]];[0.1935483870967742, 0.3951612903225806, 0.7314814814814815, 0.7297297297297297, 0.4176470588235294, 0.494949494949495, 0.0];26.0;[4, 6, 2, 4, 4, 6]
CiteSeer;own;random;0;64;0.5;1;0.005;20795212.0;0.9;0.869047619047619;[[3, 0, 0, 0, 0, 1], [0, 7, 0, 0, 0, 0], [0, 0, 1, 0, 1, 0], [0, 0, 0, 5, 0, 0], [0, 0, 0, 0, 5, 0], [0, 0, 0, 0, 1, 6]];[1.0, 1.0, 1.0, 1.0, 0.7142857142857143, 0.8571428571428571];0.5034843205574913;0.270249597515194;[[15, 36, 3, 30, 88, 7, 0, 1, 0, 0], [7, 208, 16, 63, 102, 10, 0, 0, 0, 0], [4, 108, 156, 85, 95, 11, 4, 0, 0, 2], [15, 32, 11, 278, 139, 8, 1, 0, 1, 0], [1, 13, 3, 4, 375, 16, 0, 0, 0, 0], [6, 13, 6, 25, 173, 124, 0, 0, 1, 0], [0, 0, 0, 0, 0, 0, 0, 0, 0, 0], [0, 0, 0, 0, 0, 0, 0, 0, 0, 0], [0, 0, 0, 0, 0, 0, 0, 0, 0, 0], [0, 0, 0, 0, 0, 0, 0, 0, 0, 0]];[0.3125, 0.5073170731707317, 0.8, 0.5731958762886598, 0.38580246913580246, 0.7045454545454546, 0.0, 0.0, 0.0, 0.0];0.5104895104895105;0.275214978546662;[[6, 18, 3, 8, 38, 6, 0, 1, 0, 0], [8, 86, 2, 34, 43, 3, 1, 0, 0, 0], [4, 44, 70, 30, 50, 2, 0, 0, 0, 1], [3, 10, 5, 118, 69, 4, 1, 0, 1, 0], [0, 3, 1, 3, 170, 2, 0, 0, 0, 0], [2, 8, 2, 14, 66, 61, 0, 0, 0, 0], [0, 0, 0, 0, 0, 0, 0, 0, 0, 0], [0, 0, 0, 0, 0, 0, 0, 0, 0, 0], [0, 0, 0, 0, 0, 0, 0, 0, 0, 0], [0, 0, 0, 0, 0, 0, 0, 0, 0, 0]];[0.2608695652173913, 0.5088757396449705, 0.8433734939759037, 0.5700483091787439, 0.38990825688073394, 0.782051282051282, 0.0, 0.0, 0.0, 0.0];30.0;[4, 7, 2, 5, 5, 7]


CiteSeer;own;random;0;64;0.5;1;0.005;649695571.0;0.0;0.0;[[]];[];0.0997420464316423;0.04845310505888393;[[7, 22, 28, 29, 24, 2, 15, 6, 1, 10, 11, 24, 5], [11, 32, 47, 78, 61, 29, 16, 8, 5, 15, 28, 69, 14], [4, 20, 20, 54, 220, 10, 20, 22, 4, 5, 9, 78, 1], [24, 26, 69, 89, 113, 33, 19, 22, 5, 15, 34, 37, 4], [6, 14, 68, 87, 71, 7, 92, 6, 1, 7, 8, 40, 10], [7, 10, 61, 79, 66, 13, 19, 14, 9, 7, 32, 38, 0], [0, 0, 0, 0, 0, 0, 0, 0, 0, 0, 0, 0, 0], [0, 0, 0, 0, 0, 0, 0, 0, 0, 0, 0, 0, 0], [0, 0, 0, 0, 0, 0, 0, 0, 0, 0, 0, 0, 0], [0, 0, 0, 0, 0, 0, 0, 0, 0, 0, 0, 0, 0], [0, 0, 0, 0, 0, 0, 0, 0, 0, 0, 0, 0, 0], [0, 0, 0, 0, 0, 0, 0, 0, 0, 0, 0, 0, 0], [0, 0, 0, 0, 0, 0, 0, 0, 0, 0, 0, 0, 0]];[0.11864406779661017, 0.25806451612903225, 0.06825938566552901, 0.21394230769230768, 0.12792792792792793, 0.13829787234042554, 0.0, 0.0, 0.0, 0.0, 0.0, 0.0, 0.0];0.10589410589410589;0.05067449651354129;[[3, 5, 15, 12, 15, 0, 8, 3, 3, 4, 3, 7, 2], [6, 12, 26, 34, 29, 11, 6, 4, 4, 7, 9, 27, 2], [1, 10, 16, 24, 83, 4, 7, 9, 2, 2, 3, 39, 1], [14, 11, 26, 45, 55, 7, 6, 8, 2, 5, 18, 13, 1], [5, 12, 32, 35, 24, 1, 40, 0, 0, 2, 2, 19, 7], [7, 3, 21, 30, 45, 6, 7, 1, 1, 4, 15, 12, 1], [0, 0, 0, 0, 0, 0, 0, 0, 0, 0, 0, 0, 0], [0, 0, 0, 0, 0, 0, 0, 0, 0, 0, 0, 0, 0], [0, 0, 0, 0, 0, 0, 0, 0, 0, 0, 0, 0, 0], [0, 0, 0, 0, 0, 0, 0, 0, 0, 0, 0, 0, 0], [0, 0, 0, 0, 0, 0, 0, 0, 0, 0, 0, 0, 0], [0, 0, 0, 0, 0, 0, 0, 0, 0, 0, 0, 0, 0], [0, 0, 0, 0, 0, 0, 0, 0, 0, 0, 0, 0, 0]];[0.08333333333333333, 0.22641509433962265, 0.11764705882352941, 0.25, 0.09561752988047809, 0.20689655172413793, 0.0, 0.0, 0.0, 0.0, 0.0, 0.0, 0.0];0.0;[]
CiteSeer;own;random;0;64;0.5;1;0.005;649695571.0;0.6923076923076923;0.722222222222222;[[1, 1, 0, 0, 0, 0], [0, 3, 0, 0, 1, 0], [0, 0, 1, 1, 0, 0], [0, 0, 0, 1, 0, 0], [0, 1, 0, 0, 2, 0], [0, 0, 0, 0, 0, 1]];[1.0, 0.6, 1.0, 0.5, 0.6666666666666666, 1.0];0.4072632944228275;0.3437153092488077;[[36, 72, 3, 46, 21, 4], [41, 309, 1, 38, 18, 2], [33, 330, 15, 77, 7, 3], [29, 103, 7, 322, 20, 8], [49, 83, 0, 21, 215, 46], [149, 106, 4, 28, 22, 45]];[0.10682492581602374, 0.30807577268195413, 0.5, 0.6052631578947368, 0.7095709570957096, 0.4166666666666667];0.4035964035964036;0.3419601590139764;[[16, 29, 2, 20, 12, 1], [10, 127, 2, 25, 11, 2], [17, 134, 6, 35, 3, 6], [12, 44, 1, 136, 14, 4], [16, 30, 1, 15, 98, 19], [67, 44, 8, 7, 6, 21]];[0.11594202898550725, 0.3112745098039216, 0.3, 0.5714285714285714, 0.6805555555555556, 0.39622641509433965];13.0;[2, 4, 2, 1, 3, 1]
CiteSeer;own;random;0;64;0.5;1;0.005;649695571.0;0.8846153846153846;0.8758537758537758;[[2, 0, 0, 1, 1, 0], [0, 5, 0, 0, 0, 0], [0, 1, 3, 0, 0, 0], [0, 0, 0, 4, 0, 0], [0, 0, 0, 0, 7, 0], [0, 0, 0, 0, 0, 2]];[1.0, 0.8333333333333334, 1.0, 0.8, 0.875, 1.0];0.42086956521739133;0.22621540111301588;[[15, 38, 17, 26, 75, 8, 0, 0, 0, 1], [14, 144, 28, 13, 202, 5, 0, 0, 2, 0], [10, 205, 57, 52, 121, 13, 1, 0, 0, 4], [9, 48, 13, 255, 156, 4, 0, 0, 0, 1], [3, 26, 2, 8, 349, 21, 0, 0, 1, 0], [6, 72, 22, 6, 80, 148, 0, 2, 9, 8], [0, 0, 0, 0, 0, 0, 0, 0, 0, 0], [0, 0, 0, 0, 0, 0, 0, 0, 0, 0], [0, 0, 0, 0, 0, 0, 0, 0, 0, 0], [0, 0, 0, 0, 0, 0, 0, 0, 0, 0]];[0.2631578947368421, 0.2701688555347092, 0.41007194244604317, 0.7083333333333334, 0.3550356052899288, 0.7437185929648241, 0.0, 0.0, 0.0, 0.0];0.43156843156843155;0.2617971869024342;[[9, 15, 7, 8, 40, 0, 0, 1, 0], [6, 58, 16, 8, 86, 3, 0, 0, 0], [6, 89, 24, 22, 45, 12, 1, 0, 2], [1, 25, 7, 112, 65, 0, 0, 0, 1], [1, 7, 1, 2, 155, 12, 0, 1, 0], [2, 25, 10, 3, 30, 74, 0, 3, 6], [0, 0, 0, 0, 0, 0, 0, 0, 0], [0, 0, 0, 0, 0, 0, 0, 0, 0], [0, 0, 0, 0, 0, 0, 0, 0, 0]];[0.36, 0.2648401826484018, 0.36923076923076925, 0.7225806451612903, 0.3681710213776722, 0.7326732673267327, 0.0, 0.0, 0.0];26.0;[4, 5, 4, 4, 7, 2]
CiteSeer;own;random;0;64;0.5;1;0.005;649695571.0;0.9666666666666667;0.9663299663299663;[[5, 0, 0, 1, 0, 0], [0, 6, 0, 0, 0, 0], [0, 0, 4, 0, 0, 0], [0, 0, 0, 4, 0, 0], [0, 0, 0, 0, 8, 0], [0, 0, 0, 0, 0, 2]];[1.0, 1.0, 1.0, 0.8, 1.0, 1.0];0.5047909407665505;0.2978184462535236;[[30, 22, 46, 19, 60, 0, 0, 0, 1], [29, 78, 175, 12, 112, 1, 0, 0, 0], [10, 36, 331, 62, 18, 6, 0, 0, 0], [5, 15, 127, 272, 64, 2, 1, 0, 0], [16, 13, 17, 15, 345, 2, 0, 1, 0], [81, 26, 62, 12, 63, 103, 0, 2, 4], [0, 0, 0, 0, 0, 0, 0, 0, 0], [0, 0, 0, 0, 0, 0, 0, 0, 0], [0, 0, 0, 0, 0, 0, 0, 0, 0]];[0.17543859649122806, 0.4105263157894737, 0.4366754617414248, 0.6938775510204082, 0.5211480362537765, 0.9035087719298246, 0.0, 0.0, 0.0];0.5014985014985015;0.332512306925192;[[11, 8, 29, 6, 26, 0, 0, 0], [11, 29, 71, 10, 56, 0, 0, 0], [11, 10, 140, 23, 13, 4, 0, 0], [4, 10, 55, 121, 21, 0, 0, 0], [8, 5, 7, 7, 150, 2, 0, 0], [33, 13, 29, 4, 20, 51, 2, 1], [0, 0, 0, 0, 0, 0, 0, 0], [0, 0, 0, 0, 0, 0, 0, 0]];[0.14102564102564102, 0.38666666666666666, 0.4229607250755287, 0.7076023391812866, 0.5244755244755245, 0.8947368421052632, 0.0, 0.0];30.0;[6, 6, 4, 4, 8, 2]


CiteSeer;own;random;0;64;0.5;1;0.005;831763849.0;0.0;0.0;[[]];[];0.046431642304385214;0.02971654983026981;[[21, 2, 10, 10, 9, 0, 5, 13, 27, 57, 13, 8, 9], [48, 5, 14, 27, 6, 4, 33, 16, 38, 150, 40, 7, 25], [125, 5, 10, 51, 12, 4, 16, 35, 16, 140, 20, 8, 25], [62, 39, 13, 53, 28, 3, 17, 30, 58, 76, 59, 20, 32], [24, 1, 13, 24, 12, 3, 15, 19, 105, 71, 104, 2, 24], [35, 21, 24, 11, 7, 7, 13, 29, 91, 52, 43, 4, 18], [0, 0, 0, 0, 0, 0, 0, 0, 0, 0, 0, 0, 0], [0, 0, 0, 0, 0, 0, 0, 0, 0, 0, 0, 0, 0], [0, 0, 0, 0, 0, 0, 0, 0, 0, 0, 0, 0, 0], [0, 0, 0, 0, 0, 0, 0, 0, 0, 0, 0, 0, 0], [0, 0, 0, 0, 0, 0, 0, 0, 0, 0, 0, 0, 0], [0, 0, 0, 0, 0, 0, 0, 0, 0, 0, 0, 0, 0], [0, 0, 0, 0, 0, 0, 0, 0, 0, 0, 0, 0, 0]];[0.06666666666666667, 0.0684931506849315, 0.11904761904761904, 0.30113636363636365, 0.16216216216216217, 0.3333333333333333, 0.0, 0.0, 0.0, 0.0, 0.0, 0.0, 0.0];0.03296703296703297;0.0211738896483244;[[4, 1, 3, 3, 1, 0, 1, 8, 21, 22, 11, 1, 4], [13, 3, 6, 10, 3, 3, 16, 8, 17, 64, 19, 6, 9], [53, 7, 1, 16, 4, 2, 14, 14, 7, 55, 15, 4, 9], [35, 18, 6, 21, 9, 4, 4, 9, 20, 34, 20, 7, 24], [10, 0, 6, 5, 3, 0, 5, 8, 50, 31, 38, 5, 18], [10, 6, 8, 1, 3, 1, 8, 11, 50, 21, 17, 6, 11], [0, 0, 0, 0, 0, 0, 0, 0, 0, 0, 0, 0, 0], [0, 0, 0, 0, 0, 0, 0, 0, 0, 0, 0, 0, 0], [0, 0, 0, 0, 0, 0, 0, 0, 0, 0, 0, 0, 0], [0, 0, 0, 0, 0, 0, 0, 0, 0, 0, 0, 0, 0], [0, 0, 0, 0, 0, 0, 0, 0, 0, 0, 0, 0, 0], [0, 0, 0, 0, 0, 0, 0, 0, 0, 0, 0, 0, 0], [0, 0, 0, 0, 0, 0, 0, 0, 0, 0, 0, 0, 0]];[0.032, 0.08571428571428572, 0.03333333333333333, 0.375, 0.13043478260869565, 0.1, 0.0, 0.0, 0.0, 0.0, 0.0, 0.0, 0.0];0.0;[]
CiteSeer;own;random;0;64;0.5;1;0.005;831763849.0;0.8461538461538461;0.8928571428571429;[[1, 0, 0, 0, 0], [0, 1, 0, 0, 0], [0, 0, 3, 0, 0], [0, 0, 1, 3, 0], [0, 0, 1, 0, 3]];[1.0, 1.0, 0.6, 1.0, 1.0];0.36057068741893644;0.20912879331245332;[[3, 2, 103, 51, 24, 0, 0], [0, 3, 294, 80, 33, 0, 2], [0, 0, 445, 15, 4, 0, 0], [1, 0, 308, 168, 9, 0, 0], [1, 0, 158, 39, 215, 0, 0], [1, 1, 312, 24, 17, 0, 0], [0, 0, 0, 0, 0, 0, 0]];[0.5, 0.5, 0.27469135802469136, 0.44562334217506633, 0.7119205298013245, nan, 0.0];0.36163836163836166;0.23976910266159449;[[0, 0, 53, 16, 11, 0], [0, 2, 119, 33, 23, 0], [0, 0, 192, 8, 1, 0], [1, 0, 132, 76, 2, 0], [4, 0, 63, 20, 92, 0], [1, 0, 132, 11, 9, 0]];[0.0, 1.0, 0.2778581765557164, 0.4634146341463415, 0.6666666666666666, nan];13.0;[1, 1, 3, 4, 4]
CiteSeer;own;random;0;64;0.5;1;0.005;831763849.0;0.8461538461538461;0.7965141612200436;[[1, 0, 0, 0, 1, 0], [0, 2, 0, 0, 1, 0], [0, 0, 4, 0, 0, 0], [0, 0, 1, 7, 0, 0], [0, 0, 0, 0, 7, 0], [0, 0, 0, 0, 1, 1]];[1.0, 1.0, 0.8, 1.0, 0.7, 1.0];0.4334782608695652;0.29055718587762797;[[2, 5, 19, 22, 134, 0], [0, 10, 99, 61, 240, 0], [0, 1, 351, 33, 78, 0], [0, 0, 88, 235, 159, 0], [1, 0, 4, 8, 396, 1], [6, 1, 84, 17, 242, 3]];[0.2222222222222222, 0.5882352941176471, 0.5441860465116279, 0.625, 0.31705364291433147, 0.75];0.43356643356643354;0.297340548843065;[[0, 1, 7, 5, 67, 0], [0, 10, 42, 16, 109, 0], [0, 0, 147, 13, 41, 0], [0, 2, 43, 102, 64, 0], [4, 0, 1, 1, 173, 0], [4, 1, 42, 11, 93, 2]];[0.0, 0.7142857142857143, 0.5212765957446809, 0.6891891891891891, 0.3162705667276051, 1.0];26.0;[2, 3, 4, 8, 7, 2]
CiteSeer;own;random;0;64;0.5;1;0.005;831763849.0;0.9333333333333333;0.7714285714285715;[[2, 0, 0, 0, 1, 0, 0], [0, 4, 0, 0, 0, 0, 0], [0, 0, 4, 0, 0, 0, 0], [0, 0, 0, 10, 0, 0, 0], [0, 0, 0, 0, 7, 0, 0], [0, 0, 0, 0, 0, 1, 1], [0, 0, 0, 0, 0, 0, 0]];[1.0, 1.0, 1.0, 1.0, 0.875, 1.0, 0.0];0.5182926829268293;0.2857797345702234;[[18, 22, 4, 66, 70, 1, 0, 0, 0], [12, 139, 23, 127, 103, 2, 2, 0, 1], [4, 60, 246, 98, 52, 2, 1, 0, 0], [3, 11, 13, 375, 77, 1, 0, 0, 0], [2, 4, 2, 20, 379, 1, 2, 0, 0], [41, 15, 29, 75, 152, 33, 7, 1, 0], [0, 0, 0, 0, 0, 0, 0, 0, 0], [0, 0, 0, 0, 0, 0, 0, 0, 0], [0, 0, 0, 0, 0, 0, 0, 0, 0]];[0.225, 0.5537848605577689, 0.7760252365930599, 0.492772667542707, 0.4549819927971189, 0.825, 0.0, 0.0, 0.0];0.5114885114885115;0.2826013875303153;[[6, 5, 2, 16, 49, 1, 1, 0, 0], [9, 63, 10, 49, 45, 0, 1, 0, 0], [0, 36, 99, 39, 24, 2, 1, 0, 0], [1, 7, 8, 169, 25, 0, 1, 0, 0], [5, 3, 0, 13, 158, 0, 0, 0, 0], [23, 4, 11, 36, 55, 17, 4, 2, 1], [0, 0, 0, 0, 0, 0, 0, 0, 0], [0, 0, 0, 0, 0, 0, 0, 0, 0], [0, 0, 0, 0, 0, 0, 0, 0, 0]];[0.13636363636363635, 0.5338983050847458, 0.7615384615384615, 0.5248447204968945, 0.4438202247191011, 0.85, 0.0, 0.0, 0.0];30.0;[3, 4, 4, 10, 7, 2]


CiteSeer;own;random;0;64;0.5;1;0.005;615395017.0;0.0;0.0;[[]];[];0.0644883920894239;0.03398425004176072;[[57, 9, 12, 3, 8, 10, 7, 9, 5, 3, 2, 4, 55], [91, 65, 7, 9, 9, 11, 4, 41, 18, 15, 15, 10, 118], [77, 89, 6, 24, 7, 12, 5, 175, 14, 10, 4, 6, 38], [175, 49, 24, 10, 3, 55, 20, 55, 22, 13, 7, 9, 48], [187, 3, 17, 3, 7, 2, 4, 14, 36, 9, 6, 6, 123], [91, 28, 9, 2, 15, 5, 7, 20, 20, 12, 22, 5, 119], [0, 0, 0, 0, 0, 0, 0, 0, 0, 0, 0, 0, 0], [0, 0, 0, 0, 0, 0, 0, 0, 0, 0, 0, 0, 0], [0, 0, 0, 0, 0, 0, 0, 0, 0, 0, 0, 0, 0], [0, 0, 0, 0, 0, 0, 0, 0, 0, 0, 0, 0, 0], [0, 0, 0, 0, 0, 0, 0, 0, 0, 0, 0, 0, 0], [0, 0, 0, 0, 0, 0, 0, 0, 0, 0, 0, 0, 0], [0, 0, 0, 0, 0, 0, 0, 0, 0, 0, 0, 0, 0]];[0.084070796460177, 0.2674897119341564, 0.08, 0.19607843137254902, 0.14285714285714285, 0.05263157894736842, 0.0, 0.0, 0.0, 0.0, 0.0, 0.0, 0.0];0.06593406593406594;0.03666087266300429;[[17, 9, 4, 0, 3, 0, 2, 6, 6, 2, 0, 2, 29], [43, 28, 4, 4, 5, 6, 4, 5, 10, 6, 11, 5, 46], [34, 43, 4, 1, 1, 10, 0, 64, 6, 8, 2, 4, 24], [67, 25, 8, 8, 1, 21, 6, 22, 13, 6, 4, 3, 27], [83, 3, 10, 3, 5, 0, 1, 3, 16, 4, 0, 1, 50], [37, 16, 3, 1, 3, 4, 3, 3, 6, 7, 16, 1, 53], [0, 0, 0, 0, 0, 0, 0, 0, 0, 0, 0, 0, 0], [0, 0, 0, 0, 0, 0, 0, 0, 0, 0, 0, 0, 0], [0, 0, 0, 0, 0, 0, 0, 0, 0, 0, 0, 0, 0], [0, 0, 0, 0, 0, 0, 0, 0, 0, 0, 0, 0, 0], [0, 0, 0, 0, 0, 0, 0, 0, 0, 0, 0, 0, 0], [0, 0, 0, 0, 0, 0, 0, 0, 0, 0, 0, 0, 0], [0, 0, 0, 0, 0, 0, 0, 0, 0, 0, 0, 0, 0]];[0.060498220640569395, 0.22580645161290322, 0.12121212121212122, 0.47058823529411764, 0.2777777777777778, 0.0975609756097561, 0.0, 0.0, 0.0, 0.0, 0.0, 0.0, 0.0];0.0;[]
CiteSeer;own;random;0;64;0.5;1;0.005;615395017.0;0.8461538461538461;0.8425396825396826;[[1, 0, 0, 0, 0], [0, 1, 1, 0, 0], [0, 0, 4, 0, 0], [0, 0, 0, 3, 0], [0, 0, 0, 1, 2]];[1.0, 1.0, 0.8, 0.75, 1.0];0.36186770428015563;0.2304328871180216;[[0, 1, 0, 69, 111, 2], [1, 0, 0, 197, 211, 2], [0, 0, 0, 293, 169, 5], [0, 0, 0, 337, 146, 3], [0, 0, 0, 14, 399, 1], [0, 0, 0, 64, 187, 101]];[0.0, 0.0, nan, 0.3459958932238193, 0.32624693376941943, 0.8859649122807017];0.3596403596403596;0.23414126778285807;[[0, 0, 0, 28, 51, 1], [0, 2, 0, 84, 91, 0], [0, 0, 0, 118, 81, 2], [0, 0, 0, 142, 67, 2], [4, 0, 0, 3, 170, 2], [0, 0, 0, 30, 77, 46]];[0.0, 1.0, nan, 0.3506172839506173, 0.3165735567970205, 0.8679245283018868];13.0;[1, 2, 0, 4, 3, 3]
CiteSeer;own;random;0;64;0.5;1;0.005;615395017.0;0.8846153846153846;0.8701761201761201;[[2, 0, 0, 0, 0, 0], [0, 5, 0, 0, 1, 0], [0, 0, 1, 1, 0, 0], [0, 0, 0, 6, 0, 0], [0, 0, 0, 0, 5, 0], [0, 0, 0, 0, 1, 4]];[1.0, 1.0, 1.0, 0.8571428571428571, 0.7142857142857143, 1.0];0.4691304347826087;0.32195049155483935;[[2, 39, 5, 61, 70, 5, 0], [5, 112, 34, 155, 93, 7, 1], [0, 14, 29, 344, 66, 12, 0], [4, 18, 2, 405, 47, 8, 0], [14, 8, 6, 13, 365, 6, 0], [0, 8, 4, 61, 111, 166, 0], [0, 0, 0, 0, 0, 0, 0]];[0.08, 0.5628140703517588, 0.3625, 0.3897978825794033, 0.4853723404255319, 0.8137254901960784, 0.0];0.4825174825174825;0.3945680210840575;[[4, 14, 2, 26, 31, 3], [4, 49, 9, 66, 45, 4], [0, 5, 10, 144, 36, 6], [1, 8, 1, 180, 18, 3], [5, 6, 2, 7, 157, 2], [0, 2, 1, 26, 41, 83]];[0.2857142857142857, 0.5833333333333334, 0.4, 0.40089086859688194, 0.47865853658536583, 0.8217821782178217];26.0;[2, 6, 2, 6, 5, 5]
CiteSeer;own;random;0;64;0.5;1;0.005;615395017.0;0.8666666666666667;0.8521367521367521;[[2, 0, 0, 0, 0, 0], [0, 6, 0, 0, 1, 0], [1, 0, 2, 0, 0, 0], [0, 0, 0, 6, 0, 0], [0, 0, 0, 0, 5, 0], [0, 0, 0, 1, 1, 5]];[0.6666666666666666, 1.0, 1.0, 0.8571428571428571, 0.7142857142857143, 1.0];0.5396341463414634;0.31566073093817404;[[15, 54, 9, 47, 45, 12, 0, 0, 0], [16, 241, 18, 79, 42, 9, 0, 1, 0], [9, 53, 65, 274, 39, 22, 2, 0, 0], [9, 43, 13, 379, 28, 12, 0, 0, 0], [27, 22, 0, 16, 334, 12, 0, 0, 1], [6, 12, 16, 39, 70, 205, 0, 0, 0], [0, 0, 0, 0, 0, 0, 0, 0, 0], [0, 0, 0, 0, 0, 0, 0, 0, 0], [0, 0, 0, 0, 0, 0, 0, 0, 0]];[0.18292682926829268, 0.5670588235294117, 0.5371900826446281, 0.45443645083932854, 0.5985663082437276, 0.7536764705882353, 0.0, 0.0, 0.0];0.5564435564435565;0.369622891566067;[[9, 19, 4, 17, 21, 10, 0, 0], [8, 107, 7, 28, 22, 5, 0, 0], [0, 25, 31, 109, 23, 11, 2, 0], [1, 20, 4, 167, 12, 6, 0, 1], [8, 17, 0, 7, 145, 2, 0, 0], [0, 4, 4, 18, 29, 98, 0, 0], [0, 0, 0, 0, 0, 0, 0, 0], [0, 0, 0, 0, 0, 0, 0, 0]];[0.34615384615384615, 0.5572916666666666, 0.62, 0.48265895953757226, 0.5753968253968254, 0.7424242424242424, 0.0, 0.0];30.0;[2, 7, 3, 6, 5, 7]


CiteSeer;own;random;0;64;0.5;1;0.005;2140929057.0;0.0;0.0;[[]];[];0.10275150472914875;0.05483523924121743;[[7, 9, 32, 12, 26, 31, 3, 2, 14, 4, 4, 23, 17], [20, 26, 60, 17, 42, 63, 22, 10, 23, 30, 29, 30, 41], [0, 125, 102, 9, 50, 26, 6, 9, 32, 18, 10, 33, 47], [2, 61, 90, 7, 72, 20, 24, 12, 31, 16, 14, 118, 23], [13, 11, 22, 21, 39, 78, 14, 2, 153, 23, 9, 23, 9], [3, 35, 45, 10, 19, 58, 25, 17, 31, 24, 55, 22, 11], [0, 0, 0, 0, 0, 0, 0, 0, 0, 0, 0, 0, 0], [0, 0, 0, 0, 0, 0, 0, 0, 0, 0, 0, 0, 0], [0, 0, 0, 0, 0, 0, 0, 0, 0, 0, 0, 0, 0], [0, 0, 0, 0, 0, 0, 0, 0, 0, 0, 0, 0, 0], [0, 0, 0, 0, 0, 0, 0, 0, 0, 0, 0, 0, 0], [0, 0, 0, 0, 0, 0, 0, 0, 0, 0, 0, 0, 0], [0, 0, 0, 0, 0, 0, 0, 0, 0, 0, 0, 0, 0]];[0.15555555555555556, 0.09737827715355805, 0.2905982905982906, 0.09210526315789473, 0.15725806451612903, 0.21014492753623187, 0.0, 0.0, 0.0, 0.0, 0.0, 0.0, 0.0];0.08591408591408592;0.04391509877471029;[[2, 4, 16, 5, 11, 10, 2, 3, 6, 5, 1, 8, 7], [14, 6, 41, 6, 16, 25, 6, 4, 7, 10, 16, 10, 16], [0, 46, 43, 1, 23, 12, 8, 0, 15, 24, 0, 11, 18], [1, 34, 37, 2, 21, 12, 14, 6, 15, 6, 6, 50, 7], [6, 8, 13, 13, 13, 35, 5, 1, 64, 12, 4, 3, 2], [1, 28, 20, 2, 12, 20, 14, 11, 14, 6, 19, 4, 2], [0, 0, 0, 0, 0, 0, 0, 0, 0, 0, 0, 0, 0], [0, 0, 0, 0, 0, 0, 0, 0, 0, 0, 0, 0, 0], [0, 0, 0, 0, 0, 0, 0, 0, 0, 0, 0, 0, 0], [0, 0, 0, 0, 0, 0, 0, 0, 0, 0, 0, 0, 0], [0, 0, 0, 0, 0, 0, 0, 0, 0, 0, 0, 0, 0], [0, 0, 0, 0, 0, 0, 0, 0, 0, 0, 0, 0, 0], [0, 0, 0, 0, 0, 0, 0, 0, 0, 0, 0, 0, 0]];[0.08333333333333333, 0.047619047619047616, 0.2529411764705882, 0.06896551724137931, 0.13541666666666666, 0.17543859649122806, 0.0, 0.0, 0.0, 0.0, 0.0, 0.0, 0.0];0.0;[]
CiteSeer;own;random;0;64;0.5;1;0.005;2140929057.0;0.8461538461538461;0.8047619047619048;[[1, 0, 0, 0, 0], [0, 1, 0, 0, 0], [0, 1, 3, 0, 0], [0, 0, 0, 5, 0], [0, 1, 0, 0, 1]];[1.0, 0.3333333333333333, 1.0, 1.0, 1.0];0.45136186770428016;0.3311424217297912;[[0, 0, 83, 25, 70, 6], [0, 1, 267, 26, 106, 12], [0, 0, 411, 18, 34, 3], [0, 0, 167, 199, 106, 14], [0, 0, 54, 7, 341, 10], [0, 0, 90, 4, 167, 92]];[nan, 1.0, 0.3833955223880597, 0.7132616487455197, 0.41383495145631066, 0.6715328467153284];0.47052947052947053;0.2979753226480232;[[0, 0, 36, 9, 31, 4, 0], [0, 0, 109, 14, 48, 6, 0], [0, 0, 182, 5, 12, 2, 0], [0, 0, 69, 100, 37, 4, 1], [0, 0, 25, 3, 147, 4, 0], [0, 0, 42, 0, 69, 42, 0], [0, 0, 0, 0, 0, 0, 0]];[nan, nan, 0.3930885529157667, 0.7633587786259542, 0.4273255813953488, 0.6774193548387096, 0.0];13.0;[0, 1, 1, 4, 5, 2]
CiteSeer;own;random;0;64;0.5;1;0.005;2140929057.0;0.8846153846153846;0.8872549019607843;[[1, 0, 0, 0, 0, 0], [0, 1, 0, 1, 0, 0], [0, 0, 3, 0, 0, 0], [0, 0, 0, 7, 0, 0], [0, 0, 0, 2, 5, 0], [0, 0, 0, 0, 0, 6]];[1.0, 1.0, 1.0, 0.7, 1.0, 1.0];0.48130434782608694;0.3526431558794358;[[0, 0, 44, 88, 19, 32], [3, 1, 171, 183, 12, 41], [0, 0, 347, 87, 4, 26], [0, 0, 43, 407, 3, 30], [0, 0, 21, 82, 108, 199], [0, 0, 31, 49, 25, 244]];[0.0, 1.0, 0.528158295281583, 0.45424107142857145, 0.631578947368421, 0.42657342657342656];0.4825174825174825;0.3504394590298778;[[0, 0, 18, 42, 10, 10], [1, 0, 68, 86, 5, 17], [0, 0, 144, 41, 1, 15], [0, 0, 20, 184, 0, 7], [1, 0, 6, 38, 42, 92], [0, 0, 13, 17, 10, 113]];[0.0, nan, 0.5353159851301115, 0.45098039215686275, 0.6176470588235294, 0.4448818897637795];26.0;[1, 2, 3, 7, 7, 6]
CiteSeer;own;random;0;64;0.5;1;0.005;2140929057.0;0.9666666666666667;0.9650793650793651;[[1, 0, 0, 0, 0, 0], [0, 3, 0, 0, 0, 0], [0, 0, 3, 1, 0, 0], [0, 0, 0, 7, 0, 0], [0, 0, 0, 0, 9, 0], [0, 0, 0, 0, 0, 6]];[1.0, 1.0, 1.0, 0.875, 1.0, 1.0];0.561411149825784;0.4507892015437401;[[2, 9, 53, 43, 54, 22], [4, 35, 191, 75, 91, 14], [0, 1, 375, 46, 18, 23], [0, 1, 69, 353, 40, 20], [0, 2, 17, 10, 313, 66], [0, 0, 49, 19, 70, 211]];[0.3333333333333333, 0.7291666666666666, 0.4973474801061008, 0.6465201465201466, 0.5341296928327645, 0.5926966292134831];0.5614385614385614;0.44718252827189336;[[1, 1, 22, 22, 31, 3], [1, 11, 70, 41, 44, 10], [0, 1, 161, 17, 7, 15], [0, 2, 34, 159, 10, 6], [1, 1, 6, 7, 132, 32], [2, 0, 19, 3, 31, 98]];[0.2, 0.6875, 0.5160256410256411, 0.6385542168674698, 0.5176470588235295, 0.5975609756097561];30.0;[1, 3, 4, 7, 9, 6]


CiteSeer;own;random;0;64;0.5;1;0.005;1240197975.0;0.0;0.0;[[]];[];0.10404127257093723;0.05241835674110265;[[1, 32, 18, 8, 7, 59, 30, 5, 5, 9, 0, 6, 4], [9, 69, 26, 17, 10, 115, 67, 16, 25, 30, 5, 4, 20], [10, 60, 16, 9, 31, 228, 26, 30, 17, 13, 7, 8, 12], [3, 64, 93, 34, 23, 106, 62, 31, 28, 9, 11, 11, 15], [4, 36, 25, 10, 44, 50, 144, 40, 18, 29, 7, 6, 4], [5, 49, 17, 19, 19, 78, 83, 20, 19, 14, 9, 20, 3], [0, 0, 0, 0, 0, 0, 0, 0, 0, 0, 0, 0, 0], [0, 0, 0, 0, 0, 0, 0, 0, 0, 0, 0, 0, 0], [0, 0, 0, 0, 0, 0, 0, 0, 0, 0, 0, 0, 0], [0, 0, 0, 0, 0, 0, 0, 0, 0, 0, 0, 0, 0], [0, 0, 0, 0, 0, 0, 0, 0, 0, 0, 0, 0, 0], [0, 0, 0, 0, 0, 0, 0, 0, 0, 0, 0, 0, 0], [0, 0, 0, 0, 0, 0, 0, 0, 0, 0, 0, 0, 0]];[0.03125, 0.22258064516129034, 0.08205128205128205, 0.35051546391752575, 0.3283582089552239, 0.12264150943396226, 0.0, 0.0, 0.0, 0.0, 0.0, 0.0, 0.0];0.09290709290709291;0.04818059876384996;[[2, 13, 11, 2, 4, 27, 10, 4, 1, 1, 1, 3, 1], [0, 27, 13, 3, 5, 43, 36, 11, 7, 16, 2, 4, 10], [4, 21, 4, 5, 18, 99, 15, 9, 7, 8, 0, 8, 3], [4, 30, 43, 10, 11, 37, 30, 11, 9, 10, 5, 2, 9], [0, 21, 15, 3, 17, 20, 56, 22, 2, 18, 1, 3, 1], [5, 26, 9, 6, 5, 33, 33, 11, 9, 8, 2, 6, 0], [0, 0, 0, 0, 0, 0, 0, 0, 0, 0, 0, 0, 0], [0, 0, 0, 0, 0, 0, 0, 0, 0, 0, 0, 0, 0], [0, 0, 0, 0, 0, 0, 0, 0, 0, 0, 0, 0, 0], [0, 0, 0, 0, 0, 0, 0, 0, 0, 0, 0, 0, 0], [0, 0, 0, 0, 0, 0, 0, 0, 0, 0, 0, 0, 0], [0, 0, 0, 0, 0, 0, 0, 0, 0, 0, 0, 0, 0], [0, 0, 0, 0, 0, 0, 0, 0, 0, 0, 0, 0, 0]];[0.13333333333333333, 0.1956521739130435, 0.042105263157894736, 0.3448275862068966, 0.2833333333333333, 0.1274131274131274, 0.0, 0.0, 0.0, 0.0, 0.0, 0.0, 0.0];0.0;[]
CiteSeer;own;random;0;64;0.5;1;0.005;1240197975.0;0.9230769230769231;0.9199999999999999;[[1, 0, 0, 1, 0], [0, 1, 0, 0, 0], [0, 0, 2, 0, 0], [0, 0, 0, 7, 0], [0, 0, 0, 0, 1]];[1.0, 1.0, 1.0, 0.875, 1.0];0.3099870298313878;0.17919364211355618;[[1, 0, 43, 138, 0, 0], [0, 1, 96, 315, 0, 0], [1, 0, 248, 215, 0, 1], [0, 0, 48, 435, 0, 0], [4, 0, 23, 387, 0, 3], [6, 0, 57, 259, 0, 32]];[0.08333333333333333, 1.0, 0.4815533980582524, 0.24871355060034306, nan, 0.8888888888888888];0.3126873126873127;0.18853963604949808;[[1, 0, 18, 61, 0, 0], [0, 0, 40, 137, 0, 0], [0, 0, 102, 97, 0, 2], [0, 0, 21, 190, 0, 0], [0, 0, 10, 167, 0, 2], [0, 0, 25, 108, 0, 20]];[1.0, nan, 0.4722222222222222, 0.25, nan, 0.8333333333333334];13.0;[2, 1, 2, 7, 0, 1]
CiteSeer;own;random;0;64;0.5;1;0.005;1240197975.0;0.9230769230769231;0.8672964462438147;[[1, 0, 0, 0, 1, 0], [0, 3, 0, 0, 0, 0], [0, 0, 6, 1, 0, 0], [0, 0, 0, 9, 0, 0], [0, 0, 0, 0, 1, 0], [0, 0, 0, 0, 0, 4]];[1.0, 1.0, 1.0, 0.9, 0.5, 1.0];0.4765217391304348;0.3238687825729792;[[1, 20, 44, 49, 17, 50, 1], [3, 38, 152, 82, 22, 112, 1], [1, 9, 368, 44, 1, 37, 0], [0, 3, 136, 315, 4, 20, 3], [1, 11, 36, 80, 119, 148, 21], [0, 8, 45, 39, 3, 255, 1], [0, 0, 0, 0, 0, 0, 0]];[0.16666666666666666, 0.42696629213483145, 0.471190781049936, 0.5172413793103449, 0.7168674698795181, 0.409967845659164, 0.0];0.47652347652347654;0.33032463843857734;[[0, 9, 20, 16, 11, 24, 0], [1, 27, 59, 32, 9, 49, 0], [1, 3, 151, 27, 1, 18, 0], [0, 2, 57, 141, 4, 7, 0], [1, 5, 14, 36, 53, 60, 10], [0, 6, 23, 16, 3, 105, 0], [0, 0, 0, 0, 0, 0, 0]];[0.0, 0.5192307692307693, 0.4660493827160494, 0.5261194029850746, 0.654320987654321, 0.39923954372623577, 0.0];26.0;[2, 3, 7, 9, 1, 4]
CiteSeer;own;random;0;64;0.5;1;0.005;1240197975.0;0.9333333333333333;0.845959595959596;[[1, 0, 0, 0, 0, 1], [0, 4, 0, 0, 0, 0], [0, 0, 7, 0, 0, 0], [0, 0, 0, 10, 0, 0], [1, 0, 0, 0, 1, 0], [0, 0, 0, 0, 0, 5]];[0.5, 1.0, 1.0, 1.0, 1.0, 0.8333333333333334];0.4843205574912892;0.3435021439505701;[[18, 10, 66, 37, 6, 45, 0], [26, 22, 190, 83, 9, 78, 1], [2, 3, 399, 38, 1, 17, 0], [1, 4, 143, 317, 6, 9, 0], [83, 5, 68, 57, 131, 71, 0], [8, 1, 72, 28, 16, 225, 0], [0, 0, 0, 0, 0, 0, 0]];[0.13043478260869565, 0.4888888888888889, 0.4253731343283582, 0.5660714285714286, 0.7751479289940828, 0.5056179775280899, 0.0];0.5054945054945055;0.37448701835464016;[[10, 4, 31, 13, 4, 18, 0], [11, 20, 80, 36, 1, 28, 1], [0, 0, 165, 24, 2, 10, 0], [0, 5, 58, 143, 3, 2, 0], [32, 1, 24, 18, 71, 33, 0], [1, 3, 33, 8, 11, 97, 0], [0, 0, 0, 0, 0, 0, 0]];[0.18518518518518517, 0.6060606060606061, 0.4219948849104859, 0.5909090909090909, 0.7717391304347826, 0.5159574468085106, 0.0];30.0;[2, 4, 7, 10, 2, 5]


CiteSeer;own;random;0;64;0.5;1;0.005;784866329.0;0.0;0.0;[[]];[];0.13671539122957868;0.06256916840664778;[[4, 44, 16, 6, 8, 21, 7, 9, 19, 7, 21, 5, 17], [5, 151, 26, 20, 25, 63, 17, 13, 24, 25, 23, 11, 10], [5, 125, 69, 6, 80, 63, 20, 7, 26, 23, 15, 22, 6], [6, 100, 62, 13, 30, 88, 15, 9, 73, 29, 29, 13, 23], [15, 87, 26, 9, 20, 64, 9, 37, 18, 15, 21, 18, 78], [17, 81, 48, 20, 10, 61, 15, 14, 16, 15, 25, 30, 3], [0, 0, 0, 0, 0, 0, 0, 0, 0, 0, 0, 0, 0], [0, 0, 0, 0, 0, 0, 0, 0, 0, 0, 0, 0, 0], [0, 0, 0, 0, 0, 0, 0, 0, 0, 0, 0, 0, 0], [0, 0, 0, 0, 0, 0, 0, 0, 0, 0, 0, 0, 0], [0, 0, 0, 0, 0, 0, 0, 0, 0, 0, 0, 0, 0], [0, 0, 0, 0, 0, 0, 0, 0, 0, 0, 0, 0, 0], [0, 0, 0, 0, 0, 0, 0, 0, 0, 0, 0, 0, 0]];[0.07692307692307693, 0.2568027210884354, 0.2793522267206478, 0.17567567567567569, 0.11560693641618497, 0.16944444444444445, 0.0, 0.0, 0.0, 0.0, 0.0, 0.0, 0.0];0.12387612387612387;0.05416747426151916;[[0, 17, 3, 2, 0, 13, 3, 3, 7, 3, 13, 4, 12], [2, 73, 8, 16, 8, 18, 7, 4, 8, 9, 10, 8, 6], [5, 49, 18, 3, 41, 19, 11, 7, 13, 18, 3, 6, 8], [2, 45, 28, 5, 8, 40, 2, 6, 32, 14, 15, 6, 8], [5, 38, 8, 7, 5, 23, 2, 19, 7, 10, 9, 3, 43], [6, 30, 22, 7, 10, 23, 12, 7, 9, 6, 6, 8, 7], [0, 0, 0, 0, 0, 0, 0, 0, 0, 0, 0, 0, 0], [0, 0, 0, 0, 0, 0, 0, 0, 0, 0, 0, 0, 0], [0, 0, 0, 0, 0, 0, 0, 0, 0, 0, 0, 0, 0], [0, 0, 0, 0, 0, 0, 0, 0, 0, 0, 0, 0, 0], [0, 0, 0, 0, 0, 0, 0, 0, 0, 0, 0, 0, 0], [0, 0, 0, 0, 0, 0, 0, 0, 0, 0, 0, 0, 0], [0, 0, 0, 0, 0, 0, 0, 0, 0, 0, 0, 0, 0]];[0.0, 0.2896825396825397, 0.20689655172413793, 0.125, 0.06944444444444445, 0.16911764705882354, 0.0, 0.0, 0.0, 0.0, 0.0, 0.0, 0.0];0.0;[]
CiteSeer;own;random;0;64;0.5;1;0.005;784866329.0;0.9230769230769231;0.9314285714285713;[[1, 0, 0, 0, 0], [0, 2, 0, 0, 0], [0, 0, 4, 0, 0], [0, 0, 0, 2, 0], [0, 1, 0, 0, 3]];[1.0, 0.6666666666666666, 1.0, 1.0, 1.0];0.5153480328577604;0.3983322878116811;[[0, 1, 55, 25, 86, 17], [0, 0, 189, 37, 169, 17], [0, 5, 378, 49, 23, 10], [0, 2, 128, 274, 67, 15], [0, 0, 30, 9, 345, 31], [0, 0, 93, 9, 54, 195]];[nan, 0.0, 0.4329896907216495, 0.6799007444168734, 0.4637096774193548, 0.6842105263157895];0.5114885114885115;0.3946109687738531;[[0, 0, 22, 7, 44, 7], [0, 0, 82, 16, 69, 10], [0, 0, 160, 26, 8, 7], [0, 4, 59, 112, 29, 7], [0, 0, 10, 3, 154, 12], [0, 0, 39, 2, 26, 86]];[nan, 0.0, 0.43010752688172044, 0.6746987951807228, 0.4666666666666667, 0.6666666666666666];13.0;[0, 1, 2, 4, 2, 4]
CiteSeer;own;random;0;64;0.5;1;0.005;784866329.0;0.9615384615384616;0.9696969696969697;[[1, 0, 0, 0, 0, 0], [0, 5, 0, 0, 0, 1], [0, 0, 4, 0, 0, 0], [0, 0, 0, 6, 0, 0], [0, 0, 0, 0, 4, 0], [0, 0, 0, 0, 0, 5]];[1.0, 1.0, 1.0, 1.0, 1.0, 0.8333333333333334];0.5852173913043478;0.5138139580265019;[[6, 39, 22, 25, 79, 12], [5, 158, 97, 29, 100, 18], [0, 70, 305, 54, 24, 10], [2, 15, 83, 304, 69, 11], [0, 18, 13, 6, 360, 16], [2, 28, 32, 11, 64, 213]];[0.4, 0.4817073170731707, 0.552536231884058, 0.7086247086247086, 0.5172413793103449, 0.7607142857142857];0.5804195804195804;0.4360643361661701;[[2, 13, 9, 7, 42, 7, 0], [5, 66, 36, 10, 51, 9, 0], [0, 29, 124, 27, 14, 7, 0], [0, 4, 36, 137, 28, 5, 1], [0, 10, 4, 5, 154, 6, 0], [0, 10, 16, 1, 28, 98, 0], [0, 0, 0, 0, 0, 0, 0]];[0.2857142857142857, 0.5, 0.5511111111111111, 0.732620320855615, 0.48580441640378547, 0.7424242424242424, 0.0];26.0;[1, 6, 4, 6, 4, 5]
CiteSeer;own;random;0;64;0.5;1;0.005;784866329.0;0.9333333333333333;0.9053613053613053;[[1, 1, 0, 0, 0, 0], [0, 7, 0, 0, 0, 0], [0, 0, 5, 0, 0, 0], [0, 0, 0, 6, 0, 1], [0, 0, 0, 0, 4, 0], [0, 0, 0, 0, 0, 5]];[1.0, 0.875, 1.0, 1.0, 1.0, 0.8333333333333334];0.556184668989547;0.48760656550434883;[[0, 62, 34, 12, 60, 14], [4, 210, 129, 5, 44, 14], [1, 89, 317, 30, 20, 5], [27, 29, 131, 203, 81, 12], [0, 35, 17, 2, 345, 14], [0, 36, 43, 6, 63, 202]];[0.0, 0.455531453362256, 0.47242921013412814, 0.7868217054263565, 0.5628058727569332, 0.7739463601532567];0.5664335664335665;0.5048690978282276;[[1, 20, 19, 0, 35, 5], [0, 98, 53, 0, 21, 5], [3, 40, 126, 17, 10, 5], [13, 15, 54, 97, 30, 2], [0, 18, 6, 1, 149, 5], [0, 10, 20, 1, 26, 96]];[0.058823529411764705, 0.48756218905472637, 0.45323741007194246, 0.8362068965517241, 0.5498154981549815, 0.8135593220338984];30.0;[2, 7, 5, 7, 4, 5]


CiteSeer;own;random;0;64;0.5;1;0.005;1866817562.0;0.0;0.0;[[]];[];0.0885640584694755;0.042406211348032054;[[1, 2, 18, 1, 45, 12, 41, 1, 7, 12, 14, 30, 0], [3, 10, 34, 2, 151, 32, 80, 5, 2, 12, 20, 59, 3], [4, 3, 95, 2, 53, 12, 244, 0, 15, 1, 19, 17, 2], [7, 2, 53, 7, 75, 36, 132, 2, 22, 15, 61, 55, 23], [10, 4, 26, 9, 89, 8, 151, 1, 3, 19, 31, 65, 1], [5, 2, 75, 1, 43, 4, 107, 0, 19, 7, 41, 49, 2], [0, 0, 0, 0, 0, 0, 0, 0, 0, 0, 0, 0, 0], [0, 0, 0, 0, 0, 0, 0, 0, 0, 0, 0, 0, 0], [0, 0, 0, 0, 0, 0, 0, 0, 0, 0, 0, 0, 0], [0, 0, 0, 0, 0, 0, 0, 0, 0, 0, 0, 0, 0], [0, 0, 0, 0, 0, 0, 0, 0, 0, 0, 0, 0, 0], [0, 0, 0, 0, 0, 0, 0, 0, 0, 0, 0, 0, 0], [0, 0, 0, 0, 0, 0, 0, 0, 0, 0, 0, 0, 0]];[0.03333333333333333, 0.43478260869565216, 0.31561461794019935, 0.3181818181818182, 0.19517543859649122, 0.038461538461538464, 0.0, 0.0, 0.0, 0.0, 0.0, 0.0, 0.0];0.08391608391608392;0.042010782962357086;[[2, 2, 9, 0, 17, 7, 17, 0, 1, 4, 8, 12, 1], [2, 2, 21, 0, 66, 11, 34, 3, 2, 7, 9, 20, 0], [4, 1, 35, 2, 41, 4, 94, 1, 2, 2, 8, 4, 3], [5, 1, 16, 5, 33, 11, 80, 0, 10, 6, 15, 20, 9], [1, 1, 11, 8, 37, 6, 65, 1, 0, 6, 15, 28, 0], [1, 0, 34, 0, 10, 3, 50, 0, 7, 3, 20, 25, 0], [0, 0, 0, 0, 0, 0, 0, 0, 0, 0, 0, 0, 0], [0, 0, 0, 0, 0, 0, 0, 0, 0, 0, 0, 0, 0], [0, 0, 0, 0, 0, 0, 0, 0, 0, 0, 0, 0, 0], [0, 0, 0, 0, 0, 0, 0, 0, 0, 0, 0, 0, 0], [0, 0, 0, 0, 0, 0, 0, 0, 0, 0, 0, 0, 0], [0, 0, 0, 0, 0, 0, 0, 0, 0, 0, 0, 0, 0], [0, 0, 0, 0, 0, 0, 0, 0, 0, 0, 0, 0, 0]];[0.13333333333333333, 0.2857142857142857, 0.2777777777777778, 0.3333333333333333, 0.18137254901960784, 0.07142857142857142, 0.0, 0.0, 0.0, 0.0, 0.0, 0.0, 0.0];0.0;[]
CiteSeer;own;random;0;64;0.5;1;0.005;1866817562.0;0.6923076923076923;0.7333333333333333;[[1, 0, 0, 0, 0, 0], [0, 3, 0, 0, 0, 0], [0, 1, 1, 0, 0, 0], [0, 1, 0, 2, 0, 0], [0, 1, 0, 0, 1, 0], [0, 1, 0, 0, 0, 1]];[1.0, 0.42857142857142855, 1.0, 1.0, 1.0, 1.0];0.26588845654993515;0.16067800037677177;[[0, 173, 0, 0, 10, 0], [0, 406, 0, 0, 4, 0], [0, 460, 0, 1, 4, 0], [2, 458, 3, 5, 19, 0], [0, 212, 0, 0, 203, 0], [0, 339, 0, 0, 13, 1]];[0.0, 0.1982421875, 0.0, 0.8333333333333334, 0.8023715415019763, 1.0];0.2627372627372627;0.15727999965301945;[[0, 73, 0, 0, 7, 0], [0, 174, 0, 0, 3, 0], [0, 197, 0, 0, 4, 0], [1, 199, 1, 3, 7, 0], [0, 93, 0, 0, 86, 0], [0, 146, 0, 0, 7, 0]];[0.0, 0.19727891156462585, 0.0, 1.0, 0.7543859649122807, nan];13.0;[1, 3, 2, 3, 2, 2]
CiteSeer;own;random;0;64;0.5;1;0.005;1866817562.0;0.8461538461538461;0.7968253968253968;[[1, 1, 0, 0, 0, 0], [0, 4, 0, 0, 0, 0], [0, 1, 1, 0, 0, 0], [0, 0, 0, 6, 1, 0], [0, 0, 0, 0, 7, 0], [0, 0, 0, 1, 0, 3]];[1.0, 0.6666666666666666, 1.0, 0.8571428571428571, 0.875, 1.0];0.41695652173913045;0.3061961618623365;[[0, 75, 0, 26, 81, 0], [0, 274, 0, 55, 73, 7], [0, 322, 0, 81, 61, 1], [1, 62, 3, 221, 191, 5], [0, 13, 0, 6, 390, 1], [0, 69, 0, 40, 168, 74]];[0.0, 0.3361963190184049, 0.0, 0.5151515151515151, 0.4045643153526971, 0.8409090909090909];0.4165834165834166;0.3123809819141941;[[0, 23, 0, 14, 43, 0], [0, 105, 0, 31, 40, 1], [0, 129, 0, 36, 34, 2], [0, 23, 2, 102, 79, 5], [0, 5, 0, 4, 170, 0], [0, 26, 0, 12, 75, 40]];[nan, 0.33762057877813506, 0.0, 0.5125628140703518, 0.3854875283446712, 0.8333333333333334];26.0;[2, 4, 2, 7, 7, 4]
CiteSeer;own;random;0;64;0.5;1;0.005;1866817562.0;0.9666666666666667;0.9760765550239235;[[2, 0, 0, 0, 0, 0], [0, 4, 0, 0, 0, 0], [0, 0, 2, 0, 0, 0], [0, 0, 0, 9, 0, 0], [0, 0, 0, 0, 7, 0], [0, 0, 0, 1, 0, 5]];[1.0, 1.0, 1.0, 0.9, 1.0, 1.0];0.4647212543554007;0.36448132083111573;[[14, 40, 1, 71, 56, 0], [3, 174, 0, 161, 62, 9], [2, 166, 1, 250, 38, 8], [2, 15, 2, 395, 63, 4], [1, 10, 0, 14, 383, 2], [1, 28, 0, 80, 140, 100]];[0.6086956521739131, 0.4018475750577367, 0.25, 0.40679711637487126, 0.5161725067385444, 0.8130081300813008];0.46353646353646355;0.3503747847764022;[[1, 19, 0, 24, 33, 3], [0, 71, 2, 79, 24, 1], [0, 68, 1, 102, 27, 3], [1, 12, 1, 180, 15, 2], [1, 2, 0, 13, 162, 1], [2, 9, 0, 36, 57, 49]];[0.2, 0.39226519337016574, 0.25, 0.4147465437788018, 0.5094339622641509, 0.8305084745762712];30.0;[2, 4, 2, 9, 7, 6]


CiteSeer;own;random;0;64;0.5;1;0.005;503786444.0;0.0;0.0;[[]];[];0.0941530524505589;0.04971276842586695;[[5, 29, 14, 44, 16, 5, 3, 7, 7, 34, 7, 4, 9], [18, 81, 22, 93, 42, 7, 5, 17, 4, 65, 46, 1, 12], [8, 21, 52, 48, 51, 6, 2, 15, 6, 223, 26, 4, 5], [5, 101, 31, 42, 31, 10, 13, 5, 23, 149, 43, 22, 15], [14, 41, 87, 53, 35, 33, 7, 19, 12, 46, 61, 5, 4], [9, 31, 43, 69, 18, 4, 6, 25, 11, 64, 62, 2, 11], [0, 0, 0, 0, 0, 0, 0, 0, 0, 0, 0, 0, 0], [0, 0, 0, 0, 0, 0, 0, 0, 0, 0, 0, 0, 0], [0, 0, 0, 0, 0, 0, 0, 0, 0, 0, 0, 0, 0], [0, 0, 0, 0, 0, 0, 0, 0, 0, 0, 0, 0, 0], [0, 0, 0, 0, 0, 0, 0, 0, 0, 0, 0, 0, 0], [0, 0, 0, 0, 0, 0, 0, 0, 0, 0, 0, 0, 0], [0, 0, 0, 0, 0, 0, 0, 0, 0, 0, 0, 0, 0]];[0.0847457627118644, 0.26644736842105265, 0.20883534136546184, 0.12034383954154727, 0.18134715025906736, 0.06153846153846154, 0.0, 0.0, 0.0, 0.0, 0.0, 0.0, 0.0];0.08891108891108891;0.04650430213501719;[[2, 6, 9, 20, 4, 1, 4, 3, 1, 13, 12, 1, 4], [13, 23, 15, 40, 19, 1, 4, 3, 4, 21, 28, 1, 5], [4, 4, 25, 26, 23, 1, 1, 14, 2, 84, 15, 0, 2], [3, 52, 9, 23, 13, 2, 3, 7, 6, 62, 18, 7, 6], [9, 14, 33, 33, 14, 8, 1, 5, 5, 20, 32, 2, 3], [9, 16, 13, 32, 11, 2, 4, 13, 5, 17, 26, 2, 3], [0, 0, 0, 0, 0, 0, 0, 0, 0, 0, 0, 0, 0], [0, 0, 0, 0, 0, 0, 0, 0, 0, 0, 0, 0, 0], [0, 0, 0, 0, 0, 0, 0, 0, 0, 0, 0, 0, 0], [0, 0, 0, 0, 0, 0, 0, 0, 0, 0, 0, 0, 0], [0, 0, 0, 0, 0, 0, 0, 0, 0, 0, 0, 0, 0], [0, 0, 0, 0, 0, 0, 0, 0, 0, 0, 0, 0, 0], [0, 0, 0, 0, 0, 0, 0, 0, 0, 0, 0, 0, 0]];[0.05, 0.2, 0.2403846153846154, 0.13218390804597702, 0.16666666666666666, 0.13333333333333333, 0.0, 0.0, 0.0, 0.0, 0.0, 0.0, 0.0];0.0;[]
CiteSeer;own;random;0;64;0.5;1;0.005;503786444.0;0.9230769230769231;0.9481481481481482;[[1, 0, 0, 0, 0, 0], [0, 2, 1, 0, 0, 0], [0, 0, 4, 0, 0, 0], [0, 0, 0, 3, 0, 0], [0, 0, 0, 0, 1, 0], [0, 0, 0, 0, 0, 1]];[1.0, 1.0, 0.8, 1.0, 1.0, 1.0];0.3670557717250324;0.2960951232435272;[[1, 21, 123, 5, 3, 30], [5, 123, 211, 27, 7, 37], [0, 21, 423, 4, 0, 15], [0, 15, 342, 106, 1, 23], [0, 11, 331, 5, 28, 41], [0, 21, 161, 3, 1, 168]];[0.16666666666666666, 0.5801886792452831, 0.26587052168447517, 0.7066666666666667, 0.7, 0.535031847133758];0.3696303696303696;0.30529008277936226;[[2, 11, 50, 2, 2, 13], [2, 57, 96, 5, 1, 16], [0, 4, 184, 5, 0, 8], [0, 7, 158, 40, 0, 6], [0, 2, 143, 0, 13, 21], [0, 5, 71, 2, 1, 74]];[0.5, 0.6627906976744186, 0.2621082621082621, 0.7407407407407407, 0.7647058823529411, 0.5362318840579711];13.0;[1, 3, 4, 3, 1, 1]
CiteSeer;own;random;0;64;0.5;1;0.005;503786444.0;0.9615384615384616;0.9316239316239315;[[1, 0, 1, 0, 0, 0], [0, 5, 0, 0, 0, 0], [0, 0, 6, 0, 0, 0], [0, 0, 0, 6, 0, 0], [0, 0, 0, 0, 3, 0], [0, 0, 0, 0, 0, 4]];[1.0, 1.0, 0.8571428571428571, 1.0, 1.0, 1.0];0.5647826086956522;0.4972301580051322;[[1, 28, 86, 15, 33, 19], [3, 200, 133, 24, 32, 16], [0, 20, 398, 30, 3, 10], [0, 23, 172, 268, 12, 9], [0, 31, 94, 24, 258, 7], [1, 21, 110, 23, 22, 174]];[0.2, 0.6191950464396285, 0.40080563947633435, 0.6979166666666666, 0.7166666666666667, 0.7404255319148936];0.5964035964035964;0.5267659410590357;[[1, 14, 32, 8, 19, 6], [1, 92, 53, 8, 15, 8], [0, 8, 179, 7, 4, 3], [0, 10, 67, 125, 6, 3], [0, 9, 39, 9, 118, 4], [1, 7, 49, 10, 4, 82]];[0.3333333333333333, 0.6571428571428571, 0.42720763723150357, 0.7485029940119761, 0.7108433734939759, 0.7735849056603774];26.0;[2, 5, 6, 6, 3, 4]
CiteSeer;own;random;0;64;0.5;1;0.005;503786444.0;0.9666666666666667;0.9316239316239315;[[1, 1, 0, 0, 0, 0], [0, 6, 0, 0, 0, 0], [0, 0, 7, 0, 0, 0], [0, 0, 0, 6, 0, 0], [0, 0, 0, 0, 4, 0], [0, 0, 0, 0, 0, 5]];[1.0, 0.8571428571428571, 1.0, 1.0, 1.0, 1.0];0.6289198606271778;0.5493429923944555;[[3, 36, 21, 11, 84, 27], [2, 216, 45, 10, 103, 31], [0, 46, 330, 35, 20, 29], [0, 26, 68, 294, 84, 12], [0, 11, 13, 8, 362, 19], [0, 16, 29, 13, 53, 239]];[0.6, 0.6153846153846154, 0.6521739130434783, 0.7924528301886793, 0.5127478753541076, 0.6694677871148459];0.6423576423576424;0.5618393449364175;[[1, 12, 9, 5, 48, 5], [0, 88, 26, 4, 48, 11], [0, 22, 140, 12, 14, 13], [0, 11, 25, 144, 26, 5], [0, 5, 5, 5, 154, 10], [0, 3, 12, 2, 20, 116]];[1.0, 0.624113475177305, 0.6451612903225806, 0.8372093023255814, 0.4967741935483871, 0.725];30.0;[2, 6, 7, 6, 4, 5]


CiteSeer;own;random;0;64;0.5;1;0.005;1256718679.0;0.0;0.0;[[]];[];0.08512467755803955;0.04165339860870166;[[0, 21, 36, 5, 12, 13, 7, 12, 21, 29, 21, 3, 4], [1, 11, 84, 17, 36, 16, 13, 34, 69, 82, 42, 3, 5], [3, 24, 130, 1, 3, 14, 5, 38, 33, 167, 29, 6, 14], [2, 8, 85, 16, 19, 15, 25, 28, 21, 106, 130, 15, 20], [4, 26, 51, 5, 29, 27, 22, 75, 106, 26, 30, 4, 12], [0, 34, 77, 8, 17, 12, 12, 51, 19, 41, 60, 9, 15], [0, 0, 0, 0, 0, 0, 0, 0, 0, 0, 0, 0, 0], [0, 0, 0, 0, 0, 0, 0, 0, 0, 0, 0, 0, 0], [0, 0, 0, 0, 0, 0, 0, 0, 0, 0, 0, 0, 0], [0, 0, 0, 0, 0, 0, 0, 0, 0, 0, 0, 0, 0], [0, 0, 0, 0, 0, 0, 0, 0, 0, 0, 0, 0, 0], [0, 0, 0, 0, 0, 0, 0, 0, 0, 0, 0, 0, 0], [0, 0, 0, 0, 0, 0, 0, 0, 0, 0, 0, 0, 0]];[0.0, 0.08870967741935484, 0.28077753779697623, 0.3076923076923077, 0.25, 0.12371134020618557, 0.0, 0.0, 0.0, 0.0, 0.0, 0.0, 0.0];0.08591408591408592;0.04500220700588669;[[0, 6, 15, 3, 9, 6, 5, 2, 8, 9, 11, 3, 3], [0, 4, 41, 8, 10, 5, 4, 14, 34, 33, 18, 3, 3], [0, 9, 47, 1, 2, 2, 3, 20, 17, 74, 15, 3, 8], [0, 5, 38, 8, 7, 8, 10, 13, 7, 48, 58, 4, 5], [0, 12, 18, 2, 22, 6, 9, 30, 52, 10, 15, 0, 3], [0, 9, 28, 3, 9, 5, 7, 25, 7, 20, 27, 4, 9], [0, 0, 0, 0, 0, 0, 0, 0, 0, 0, 0, 0, 0], [0, 0, 0, 0, 0, 0, 0, 0, 0, 0, 0, 0, 0], [0, 0, 0, 0, 0, 0, 0, 0, 0, 0, 0, 0, 0], [0, 0, 0, 0, 0, 0, 0, 0, 0, 0, 0, 0, 0], [0, 0, 0, 0, 0, 0, 0, 0, 0, 0, 0, 0, 0], [0, 0, 0, 0, 0, 0, 0, 0, 0, 0, 0, 0, 0], [0, 0, 0, 0, 0, 0, 0, 0, 0, 0, 0, 0, 0]];[nan, 0.08888888888888889, 0.25133689839572193, 0.32, 0.3728813559322034, 0.15625, 0.0, 0.0, 0.0, 0.0, 0.0, 0.0, 0.0];0.0;[]
CiteSeer;own;random;0;64;0.5;1;0.005;1256718679.0;0.8461538461538461;0.8148148148148148;[[1, 0, 0, 0, 0, 0], [0, 4, 0, 0, 0, 0], [0, 0, 1, 0, 0, 0], [0, 1, 0, 1, 0, 0], [0, 0, 0, 0, 3, 0], [1, 0, 0, 0, 0, 1]];[0.5, 0.8, 1.0, 1.0, 1.0, 1.0];0.3246865542585387;0.19885128235560232;[[11, 115, 0, 1, 56, 0], [2, 340, 0, 3, 64, 0], [1, 385, 0, 2, 78, 0], [33, 292, 4, 32, 127, 0], [15, 37, 0, 1, 361, 0], [1, 107, 0, 1, 237, 7]];[0.1746031746031746, 0.2664576802507837, 0.0, 0.8, 0.39111592632719394, 1.0];0.3166833166833167;0.19363866746754757;[[2, 42, 0, 1, 35, 0], [3, 149, 0, 1, 24, 0], [2, 160, 1, 1, 37, 0], [13, 138, 0, 14, 46, 0], [11, 23, 0, 0, 145, 0], [0, 48, 0, 0, 99, 6]];[0.06451612903225806, 0.26607142857142857, 1.0, 0.8235294117647058, 0.3756476683937824, 1.0];13.0;[1, 4, 1, 2, 3, 2]
CiteSeer;own;random;0;64;0.5;1;0.005;1256718679.0;0.9230769230769231;0.8895186684660369;[[2, 0, 0, 0, 0, 0], [0, 6, 0, 0, 0, 0], [0, 1, 1, 0, 0, 0], [0, 0, 0, 9, 0, 0], [0, 0, 0, 0, 4, 0], [0, 0, 0, 1, 0, 2]];[1.0, 0.8571428571428571, 1.0, 0.9, 1.0, 1.0];0.43956521739130433;0.314570327550009;[[13, 93, 0, 50, 23, 3], [5, 306, 0, 69, 25, 2], [5, 305, 0, 131, 21, 3], [34, 54, 0, 362, 27, 4], [10, 28, 0, 55, 316, 4], [1, 67, 0, 142, 128, 14]];[0.19117647058823528, 0.35873388042203985, nan, 0.44746600741656367, 0.5851851851851851, 0.4666666666666667];0.4435564435564436;0.34608320952774635;[[15, 24, 0, 23, 17, 1], [5, 138, 0, 23, 10, 1], [1, 128, 1, 57, 14, 0], [13, 28, 0, 159, 11, 0], [8, 17, 0, 34, 117, 3], [0, 27, 0, 60, 52, 14]];[0.35714285714285715, 0.3812154696132597, 1.0, 0.44662921348314605, 0.5294117647058824, 0.7368421052631579];26.0;[2, 6, 2, 9, 4, 3]
CiteSeer;own;random;0;64;0.5;1;0.005;1256718679.0;1.0;1.0;[[2, 0, 0, 0, 0, 0], [0, 7, 0, 0, 0, 0], [0, 0, 3, 0, 0, 0], [0, 0, 0, 9, 0, 0], [0, 0, 0, 0, 5, 0], [0, 0, 0, 0, 0, 4]];[1.0, 1.0, 1.0, 1.0, 1.0, 1.0];0.5622822299651568;0.4133271445741314;[[10, 33, 53, 22, 47, 17, 0], [3, 179, 134, 31, 45, 14, 0], [1, 29, 339, 59, 25, 11, 0], [30, 13, 66, 318, 46, 7, 1], [6, 9, 13, 21, 353, 10, 0], [1, 9, 84, 38, 127, 92, 0], [0, 0, 0, 0, 0, 0, 0]];[0.19607843137254902, 0.6580882352941176, 0.49201741654571846, 0.6503067484662577, 0.5489891135303266, 0.609271523178808, 0.0];0.5784215784215784;0.5141464881429713;[[11, 10, 19, 7, 25, 8], [5, 72, 63, 11, 19, 7], [0, 11, 141, 30, 16, 3], [12, 10, 21, 153, 14, 1], [4, 5, 9, 5, 154, 2], [0, 3, 36, 17, 49, 48]];[0.34375, 0.6486486486486487, 0.48788927335640137, 0.6860986547085202, 0.555956678700361, 0.6956521739130435];30.0;[2, 7, 3, 9, 5, 4]

