dataset_name;sampler_name;budget;embedding_dim;hidden_dim_multiplier;dropout;distance_loss_weight;train_epochs;learning_rate;test_accuracy;test_macro_f1;test_confusion
Cora;kmedoids;7;16;6;0.5;0.5;16;0.003;0.18690330477356182;0.12264261902512255;"[[34.7 27.3 11.4  8.9  9.5  0.  14.2]
 [21.6 21.5  9.2  6.2  5.8  0.   1.7]
 [47.5 28.3 21.7 13.  12.   0.   3.5]
 [81.5 69.4 29.2 33.7 25.1  0.   7.1]
 [37.2 30.5 14.2 16.2 25.9  0.   4. ]
 [27.7 21.4 11.6  7.   8.6  0.9 12.8]
 [17.3 11.2  6.4  2.3  3.5  0.  14.3]]"
Cora;kmedoids;14;16;6;0.5;0.5;16;0.003;0.198531211750306;0.17441691592853656;"[[30.7  8.5  8.5  2.3  8.4 16.8 30.8]
 [15.8 11.   6.8  0.4  7.3 13.  11.7]
 [27.4 12.7 23.   0.3  9.3 29.8 23.5]
 [76.2 24.5 19.9 11.2 23.  50.1 41.1]
 [32.7 12.5  9.3  2.6 31.7 19.7 19.5]
 [17.7  6.2  6.6  0.1  8.1 28.6 22.7]
 [10.2  2.7  4.4  0.1  2.6  9.  26. ]]"
Cora;kmedoids;21;16;6;0.5;0.5;16;0.003;0.2307221542227662;0.19770694347584014;"[[24.2 19.3  0.5 12.7  8.8 11.3 29.2]
 [ 8.2 17.2  2.6  6.   8.   9.7 14.3]
 [13.  25.9 17.3  0.7 12.  22.6 34.5]
 [38.3 45.2 12.1 41.3 29.1 23.5 56.5]
 [14.9 18.7  4.6 14.2 40.2 12.8 22.6]
 [13.  14.   1.8  6.   8.6 23.4 23.2]
 [ 7.   7.1  0.9  4.6  2.9  7.6 24.9]]"
Cora;kmedoids;28;16;6;0.5;0.5;16;0.003;0.32692778457772337;0.26849861900814526;"[[29.9 11.6  0.6 17.6  5.7 16.3 24.3]
 [10.9 16.   2.7  7.3  2.6 15.1 11.4]
 [17.  23.3 34.9  2.4 11.4 22.6 14.4]
 [48.2 38.8  1.6 82.9 25.4 29.1 20. ]
 [18.2  8.9  0.7 25.5 48.6 18.5  7.6]
 [11.3 14.   1.1  9.6  0.5 30.7 22.8]
 [ 7.7  6.   0.8  5.4  1.9  9.1 24.1]]"
Cora;kmedoids;35;16;6;0.5;0.5;16;0.003;0.42313341493268053;0.3612852845958098;"[[ 28.8  12.    2.2  20.    6.4  24.2  12.4]
 [  3.1  21.2   4.1  13.4   3.3  18.1   2.8]
 [  1.9  24.1  49.1   9.5  10.3  29.    2.1]
 [ 23.8  36.5   2.1 122.4  18.1  40.7   2.4]
 [ 10.9   6.    1.3  22.1  55.3  29.1   3.3]
 [  3.6  13.7   1.   10.7   1.1  49.4  10.5]
 [  4.4   6.5   1.8   7.9   1.7  13.2  19.5]]"
Cora;kmedoids;42;16;6;0.5;0.5;16;0.003;0.44296205630354957;0.38580372902936516;"[[ 42.7   2.1  19.9  16.5   4.   12.4   8.4]
 [  6.   17.9  20.9  10.7   1.5   8.3   0.7]
 [  5.6  11.3  79.6  15.    4.7   9.3   0.5]
 [ 35.4  14.4  42.6 107.7  17.3  26.1   2.5]
 [ 21.    0.6  21.3  13.5  57.6  11.6   2.4]
 [ 13.9   6.   13.9  11.2   1.2  38.4   5.4]
 [ 13.8   1.   10.1   4.7   0.9   6.5  18. ]]"
Cora;kmedoids;49;16;6;0.5;0.5;16;0.003;0.5533659730722154;0.4881548824422919;"[[ 55.3   2.3   6.4  14.    4.5  13.4  10.1]
 [  7.3  21.4  16.8  10.5   1.3   8.1   0.6]
 [  3.1   7.6  90.7   9.    0.7  14.4   0.5]
 [ 23.9   7.8  18.4 144.   18.   31.8   2.1]
 [ 14.1   0.9   4.2  19.5  73.8  12.5   3. ]
 [ 15.4   1.7  10.6  10.    0.6  48.    3.7]
 [ 15.7   1.4   5.3   5.4   0.4   7.9  18.9]]"
Cora;kmedoids;56;16;6;0.5;0.5;16;0.003;0.5965728274173807;0.5378697453143174;"[[ 53.7   2.9   6.8  16.1   5.6  13.2   7.7]
 [  2.8  28.4  14.6   9.3   1.9   8.5   0.5]
 [  1.7   9.2  99.4   4.1   0.4  10.6   0.6]
 [ 11.8  10.8  16.5 162.1  16.9  25.7   2.2]
 [ 11.    1.2   4.3  20.7  74.3  13.4   3.1]
 [  9.8   2.1  14.7   9.3   0.6  48.3   5.2]
 [ 10.9   1.4   6.6   6.3   0.3   8.3  21.2]]"
Cora;kmedoids;63;16;6;0.5;0.5;16;0.003;0.6482252141982865;0.5986329420475579;"[[ 61.    4.8   4.5  13.    8.1   7.9   6.7]
 [  5.   39.4   8.1   6.1   2.4   4.7   0.3]
 [  1.9   7.5 107.5   3.3   0.7   4.9   0.2]
 [ 13.3  13.5  10.9 160.5  24.1  21.5   2.2]
 [ 10.2   6.1   1.6  14.   87.    7.6   1.5]
 [ 13.7   8.1   5.6   4.7   1.2  53.8   2.9]
 [ 14.    2.8   3.6   5.9   1.4   6.9  20.4]]"
Cora;kmedoids;70;16;6;0.5;0.5;16;0.003;0.6620563035495717;0.6150605146402902;"[[ 66.    4.3   6.5  12.1   7.1   2.2   7.8]
 [  4.   38.6  11.8   6.4   3.6   1.1   0.5]
 [  3.5   7.  108.3   4.9   0.6   1.5   0.2]
 [ 25.8   9.4  14.8 166.3  22.1   4.7   2.9]
 [ 15.6   1.9   2.3  11.2  92.2   2.3   2.5]
 [ 15.6   3.   10.9   7.3   2.4  46.2   4.6]
 [ 15.2   0.9   6.    6.7   1.    1.9  23.3]]"
Cora;kmedoids;77;16;6;0.5;0.5;16;0.003;0.6962056303549572;0.6510924813499752;"[[ 65.2   2.7   7.2  14.    7.8   3.6   5.5]
 [  2.8  37.4  13.1   8.5   2.5   1.5   0.2]
 [  2.    5.9 110.7   3.2   0.9   3.    0.3]
 [ 19.5   7.5  12.6 177.3  20.6   7.2   1.3]
 [  9.9   1.7   2.2  11.4  99.1   2.4   1.3]
 [ 10.8   2.1  10.3   5.3   1.8  56.2   3.5]
 [ 13.8   0.6   6.2   7.    1.4   3.1  22.9]]"
Cora;kmedoids;84;16;6;0.5;0.5;16;0.003;0.6975520195838433;0.6640363042064541;"[[ 62.6   3.3   8.5  12.6   5.8   6.6   6.6]
 [  1.8  41.2  11.7   5.6   2.4   3.    0.3]
 [  1.6   4.4 112.2   3.4   0.6   3.8   0. ]
 [ 15.    8.3  15.  172.2  20.5  12.8   2.2]
 [ 10.7   2.1   1.9  12.2  95.5   4.4   1.2]
 [  8.4   1.7   7.9   5.1   1.   61.9   4. ]
 [ 10.6   0.7   7.3   6.3   0.8   5.   24.3]]"
Cora;kmedoids;91;16;6;0.5;0.5;16;0.003;0.7315789473684211;0.6941145585561962;"[[ 63.2   4.1   6.6  15.1   5.7   6.2   5.1]
 [  2.   44.5   9.    6.3   1.1   2.8   0.3]
 [  1.7   5.8 110.7   5.9   0.7   1.2   0. ]
 [ 13.1   8.4  10.3 190.7  16.8   5.1   1.6]
 [  9.1   2.    1.3  12.3  99.4   2.9   1. ]
 [  7.    2.1   5.4   7.5   0.8  64.3   2.9]
 [ 10.9   0.6   5.7   7.2   0.8   4.9  24.9]]"
Cora;kmedoids;98;16;6;0.5;0.5;16;0.003;0.7341493268053856;0.7000741321333941;"[[6.490e+01 3.700e+00 4.900e+00 1.740e+01 6.100e+00 3.200e+00 5.800e+00]
 [2.500e+00 4.380e+01 8.500e+00 6.900e+00 1.200e+00 2.800e+00 3.000e-01]
 [1.900e+00 2.400e+00 1.138e+02 5.800e+00 8.000e-01 1.200e+00 1.000e-01]
 [1.410e+01 6.500e+00 1.110e+01 1.912e+02 1.850e+01 3.100e+00 1.500e+00]
 [8.500e+00 1.900e+00 8.000e-01 1.440e+01 9.850e+01 2.800e+00 1.100e+00]
 [6.800e+00 2.500e+00 3.800e+00 1.030e+01 1.100e+00 6.180e+01 3.700e+00]
 [1.150e+01 4.000e-01 4.400e+00 8.500e+00 4.000e-01 4.000e+00 2.580e+01]]"
Cora;kmedoids;105;16;6;0.5;0.5;16;0.003;0.750061199510404;0.7183464815531477;"[[6.380e+01 3.800e+00 4.400e+00 1.580e+01 7.600e+00 5.300e+00 5.300e+00]
 [1.700e+00 4.580e+01 7.600e+00 6.500e+00 1.800e+00 2.400e+00 2.000e-01]
 [1.800e+00 2.100e+00 1.127e+02 6.000e+00 1.400e+00 1.900e+00 1.000e-01]
 [1.200e+01 4.700e+00 7.600e+00 1.929e+02 2.120e+01 6.200e+00 1.400e+00]
 [7.600e+00 1.600e+00 6.000e-01 1.120e+01 1.026e+02 3.300e+00 1.100e+00]
 [5.900e+00 1.400e+00 3.400e+00 5.000e+00 1.200e+00 6.960e+01 3.500e+00]
 [9.800e+00 2.000e-01 3.500e+00 8.100e+00 9.000e-01 7.100e+00 2.540e+01]]"
Cora;kmedoids;112;16;6;0.5;0.5;16;0.003;0.7484700122399021;0.7203403376183746;"[[ 64.4   4.    5.5  15.4   7.3   3.3   6.1]
 [  2.2  46.7   8.3   5.1   2.    1.3   0.4]
 [  1.7   2.  116.5   3.8   1.    1.    0. ]
 [ 14.7   6.5   9.6 189.3  19.8   4.2   1.9]
 [  8.3   1.9   0.9  11.5 100.8   3.2   1.4]
 [  6.3   2.4   4.6   5.8   1.2  66.    3.7]
 [  9.5   0.3   4.1   7.1   0.8   5.4  27.8]]"
Cora;kmedoids;119;16;6;0.5;0.5;16;0.003;0.7576499388004896;0.73119139705986;"[[ 69.5   3.1   4.1  15.2   5.7   3.4   5. ]
 [  2.1  43.7  10.5   6.5   1.9   1.1   0.2]
 [  1.5   1.9 114.1   6.3   1.1   1.1   0. ]
 [ 13.2   4.1   8.5 196.2  19.3   3.4   1.3]
 [  8.    2.1   1.2  12.3 100.9   2.3   1.2]
 [  7.3   1.7   3.5   6.5   1.7  65.7   3.6]
 [  9.    0.3   3.2   7.5   0.9   5.2  28.9]]"
Cora;kmedoids;126;16;6;0.5;0.5;16;0.003;0.7711138310893513;0.7477803444119229;"[[7.110e+01 3.100e+00 3.300e+00 1.300e+01 5.800e+00 4.100e+00 5.600e+00]
 [1.900e+00 4.720e+01 7.100e+00 6.400e+00 2.000e+00 1.000e+00 4.000e-01]
 [2.200e+00 1.200e+00 1.137e+02 5.500e+00 1.200e+00 1.700e+00 5.000e-01]
 [1.490e+01 4.300e+00 5.700e+00 1.961e+02 1.950e+01 3.800e+00 1.700e+00]
 [8.200e+00 2.000e+00 2.000e-01 1.080e+01 1.027e+02 2.900e+00 1.200e+00]
 [6.500e+00 1.900e+00 3.100e+00 5.500e+00 1.200e+00 6.800e+01 3.800e+00]
 [9.500e+00 1.000e-01 2.000e+00 6.400e+00 6.000e-01 5.200e+00 3.120e+01]]"
Cora;kmedoids;133;16;6;0.5;0.5;16;0.003;0.7749082007343941;0.7498492886340293;"[[ 72.2   3.6   3.8  11.8   4.4   4.6   5.6]
 [  2.1  48.9   6.7   4.8   1.1   2.    0.4]
 [  1.8   1.9 113.7   5.2   1.1   1.3   1. ]
 [ 15.3   4.4   5.6 197.9  16.8   4.3   1.7]
 [  8.6   2.2   0.4  12.9  99.5   3.1   1.3]
 [  6.2   1.5   2.8   4.6   1.   70.    3.9]
 [  8.8   0.2   2.3   6.2   0.4   6.2  30.9]]"
Cora;kmedoids;140;16;6;0.5;0.5;16;0.003;0.7774785801713586;0.7526601187318522;"[[6.860e+01 3.300e+00 3.500e+00 1.660e+01 4.400e+00 4.700e+00 4.900e+00]
 [2.100e+00 4.740e+01 6.200e+00 7.200e+00 1.200e+00 1.500e+00 4.000e-01]
 [1.800e+00 1.700e+00 1.131e+02 6.500e+00 1.300e+00 1.500e+00 1.000e-01]
 [1.290e+01 2.900e+00 4.000e+00 2.065e+02 1.460e+01 3.700e+00 1.400e+00]
 [7.900e+00 2.100e+00 3.000e-01 1.300e+01 1.006e+02 3.100e+00 1.000e+00]
 [6.400e+00 1.600e+00 2.500e+00 6.600e+00 1.100e+00 6.800e+01 3.800e+00]
 [8.300e+00 0.000e+00 2.900e+00 6.000e+00 6.000e-01 6.200e+00 3.100e+01]]"
Cora;model;7;16;6;0.5;0.5;16;0.003;0.18690330477356182;0.12264261902512255;"[[34.7 27.3 11.4  8.9  9.5  0.  14.2]
 [21.6 21.5  9.2  6.2  5.8  0.   1.7]
 [47.5 28.3 21.7 13.  12.   0.   3.5]
 [81.5 69.4 29.2 33.7 25.1  0.   7.1]
 [37.2 30.5 14.2 16.2 25.9  0.   4. ]
 [27.7 21.4 11.6  7.   8.6  0.9 12.8]
 [17.3 11.2  6.4  2.3  3.5  0.  14.3]]"
Cora;model;14;16;6;0.5;0.5;16;0.003;0.198531211750306;0.17441691592853656;"[[30.7  8.5  8.5  2.3  8.4 16.8 30.8]
 [15.8 11.   6.8  0.4  7.3 13.  11.7]
 [27.4 12.7 23.   0.3  9.3 29.8 23.5]
 [76.2 24.5 19.9 11.2 23.  50.1 41.1]
 [32.7 12.5  9.3  2.6 31.7 19.7 19.5]
 [17.7  6.2  6.6  0.1  8.1 28.6 22.7]
 [10.2  2.7  4.4  0.1  2.6  9.  26. ]]"
Cora;model;21;16;6;0.5;0.5;16;0.003;0.304406364749082;0.2678672109189759;"[[24.2 10.8 10.5 15.5  8.2 18.3 18.5]
 [ 9.2 13.7 10.5  5.8  4.5 14.2  8.1]
 [13.7 13.1 42.8  1.  13.4 26.2 15.8]
 [41.5 24.6 20.8 64.1 15.5 43.2 36.3]
 [15.4  7.6 12.2 13.9 48.8 15.5 14.6]
 [16.1  5.8  9.   5.2  1.5 34.7 17.7]
 [ 8.8  5.5  4.3  4.6  1.8  9.6 20.4]]"
Cora;model;28;16;6;0.5;0.5;16;0.003;0.3674418604651163;0.32991698618122856;"[[22.7  2.  18.7 17.4  3.  29.2 13. ]
 [ 6.5 14.2 14.6  4.1  1.9 18.6  6.1]
 [13.4  1.3 70.9  1.4  1.5 27.8  9.7]
 [33.7  1.4 31.8 69.9 20.8 64.6 23.8]
 [ 9.9  0.3 15.6 13.2 55.6 21.  12.4]
 [13.6  0.6  9.2  4.9  2.2 48.5 11. ]
 [ 7.9  0.9  7.8  6.2  1.  12.8 18.4]]"
Cora;model;35;16;6;0.5;0.5;16;0.003;0.47649938800489594;0.4426039335106541;"[[1.680e+01 3.000e+00 1.790e+01 2.230e+01 4.800e+00 3.100e+01 1.020e+01]
 [1.000e-01 2.730e+01 8.400e+00 7.100e+00 9.000e-01 1.920e+01 3.000e+00]
 [4.000e-01 9.000e-01 8.330e+01 8.300e+00 4.000e-01 2.580e+01 6.900e+00]
 [5.900e+00 2.300e+00 2.280e+01 1.174e+02 1.090e+01 7.020e+01 1.650e+01]
 [4.200e+00 1.100e+00 6.800e+00 2.160e+01 6.140e+01 2.410e+01 8.800e+00]
 [3.300e+00 1.300e+00 7.900e+00 4.900e+00 2.000e-01 6.520e+01 7.200e+00]
 [2.400e+00 8.000e-01 8.600e+00 7.800e+00 0.000e+00 1.750e+01 1.790e+01]]"
Cora;model;42;16;6;0.5;0.5;16;0.003;0.5266829865361078;0.487110705937813;"[[2.70e+01 1.50e+00 1.70e+01 1.88e+01 4.80e+00 3.18e+01 5.10e+00]
 [0.00e+00 2.66e+01 1.42e+01 5.90e+00 8.00e-01 1.84e+01 1.00e-01]
 [3.00e-01 8.00e-01 9.79e+01 4.20e+00 3.00e-01 2.13e+01 1.20e+00]
 [6.60e+00 2.30e+00 3.07e+01 1.28e+02 1.13e+01 6.58e+01 1.30e+00]
 [4.10e+00 1.30e+00 1.19e+01 1.83e+01 6.68e+01 2.48e+01 8.00e-01]
 [4.10e+00 9.00e-01 8.50e+00 4.90e+00 3.00e-01 6.85e+01 2.80e+00]
 [5.20e+00 3.00e-01 1.16e+01 6.00e+00 2.00e-01 1.62e+01 1.55e+01]]"
Cora;model;49;16;6;0.5;0.5;16;0.003;0.5898408812729499;0.5525466027793615;"[[3.250e+01 1.100e+00 1.200e+01 2.510e+01 4.900e+00 2.480e+01 5.600e+00]
 [2.000e-01 2.990e+01 9.500e+00 9.800e+00 6.000e-01 1.560e+01 4.000e-01]
 [9.000e-01 6.000e-01 9.970e+01 4.700e+00 2.000e-01 1.980e+01 1.000e-01]
 [7.300e+00 2.200e+00 1.670e+01 1.584e+02 1.090e+01 4.890e+01 1.600e+00]
 [5.500e+00 1.000e+00 7.400e+00 1.780e+01 7.390e+01 2.100e+01 1.400e+00]
 [5.800e+00 1.500e+00 4.700e+00 6.600e+00 3.000e-01 6.830e+01 2.800e+00]
 [5.700e+00 0.000e+00 7.000e+00 9.300e+00 0.000e+00 1.380e+01 1.920e+01]]"
Cora;model;56;16;6;0.5;0.5;16;0.003;0.6433292533659731;0.6162611545234699;"[[4.240e+01 3.200e+00 1.400e+01 1.750e+01 4.200e+00 1.800e+01 6.700e+00]
 [4.000e-01 3.650e+01 1.170e+01 5.100e+00 1.000e-01 1.170e+01 5.000e-01]
 [9.000e-01 4.000e-01 1.135e+02 1.800e+00 0.000e+00 9.300e+00 1.000e-01]
 [9.700e+00 5.300e+00 2.110e+01 1.620e+02 1.190e+01 3.340e+01 2.600e+00]
 [5.700e+00 1.700e+00 8.200e+00 1.130e+01 8.200e+01 1.770e+01 1.400e+00]
 [6.400e+00 2.000e+00 5.400e+00 5.900e+00 5.000e-01 6.640e+01 3.400e+00]
 [6.300e+00 0.000e+00 9.300e+00 5.000e+00 1.000e-01 1.150e+01 2.280e+01]]"
Cora;model;63;16;6;0.5;0.5;16;0.003;0.6872705018359853;0.6614218669228079;"[[4.530e+01 5.200e+00 6.400e+00 2.210e+01 5.000e+00 1.420e+01 7.800e+00]
 [6.000e-01 4.270e+01 7.500e+00 6.700e+00 1.000e-01 7.900e+00 5.000e-01]
 [9.000e-01 1.100e+00 1.143e+02 3.000e+00 0.000e+00 6.600e+00 1.000e-01]
 [8.500e+00 1.000e+01 8.500e+00 1.754e+02 1.180e+01 2.800e+01 3.800e+00]
 [5.600e+00 3.000e+00 2.200e+00 1.640e+01 9.000e+01 9.200e+00 1.600e+00]
 [5.100e+00 3.000e+00 3.200e+00 7.100e+00 5.000e-01 6.670e+01 4.400e+00]
 [5.000e+00 1.000e-01 5.500e+00 6.600e+00 1.000e-01 1.060e+01 2.710e+01]]"
Cora;model;70;16;6;0.5;0.5;16;0.003;0.7152998776009791;0.6951617805234249;"[[5.680e+01 3.100e+00 7.700e+00 1.600e+01 3.500e+00 1.030e+01 8.600e+00]
 [1.100e+00 4.280e+01 7.500e+00 6.100e+00 1.000e-01 7.500e+00 9.000e-01]
 [1.600e+00 1.100e+00 1.152e+02 2.900e+00 0.000e+00 4.900e+00 3.000e-01]
 [1.490e+01 6.400e+00 6.500e+00 1.794e+02 1.020e+01 2.360e+01 5.000e+00]
 [7.900e+00 2.000e+00 2.300e+00 1.360e+01 9.080e+01 8.400e+00 3.000e+00]
 [6.300e+00 2.400e+00 3.700e+00 5.700e+00 4.000e-01 6.700e+01 4.500e+00]
 [6.500e+00 0.000e+00 3.600e+00 3.900e+00 0.000e+00 8.600e+00 3.240e+01]]"
Cora;model;77;16;6;0.5;0.5;16;0.003;0.747858017135863;0.7254717813492071;"[[6.600e+01 3.100e+00 4.800e+00 1.670e+01 3.000e+00 7.000e+00 5.400e+00]
 [1.900e+00 4.630e+01 6.900e+00 6.400e+00 1.000e-01 4.000e+00 4.000e-01]
 [2.100e+00 1.500e+00 1.140e+02 5.400e+00 1.000e-01 2.900e+00 0.000e+00]
 [1.760e+01 5.600e+00 3.700e+00 1.942e+02 9.700e+00 1.280e+01 2.400e+00]
 [9.700e+00 4.100e+00 8.000e-01 1.250e+01 9.270e+01 6.600e+00 1.600e+00]
 [7.300e+00 2.600e+00 3.000e+00 5.800e+00 5.000e-01 6.730e+01 3.500e+00]
 [8.600e+00 7.000e-01 2.500e+00 4.800e+00 0.000e+00 7.900e+00 3.050e+01]]"
Cora;model;84;16;6;0.5;0.5;16;0.003;0.7537331701346389;0.733450287815209;"[[6.240e+01 2.400e+00 3.400e+00 1.930e+01 3.400e+00 1.100e+01 4.100e+00]
 [1.500e+00 4.680e+01 6.000e+00 5.800e+00 2.000e-01 5.500e+00 2.000e-01]
 [1.500e+00 1.000e+00 1.128e+02 5.400e+00 3.000e-01 4.800e+00 2.000e-01]
 [1.280e+01 3.800e+00 2.500e+00 2.005e+02 8.400e+00 1.550e+01 2.500e+00]
 [7.800e+00 2.300e+00 1.500e+00 1.420e+01 9.460e+01 6.300e+00 1.300e+00]
 [6.100e+00 2.300e+00 3.100e+00 7.400e+00 7.000e-01 6.710e+01 3.300e+00]
 [8.700e+00 0.000e+00 1.600e+00 4.300e+00 0.000e+00 8.800e+00 3.160e+01]]"
Cora;model;91;16;6;0.5;0.5;16;0.003;0.7587515299877601;0.7434262673474705;"[[6.830e+01 3.500e+00 2.300e+00 1.460e+01 3.600e+00 9.800e+00 3.900e+00]
 [2.200e+00 4.840e+01 5.500e+00 4.900e+00 2.000e-01 4.600e+00 2.000e-01]
 [2.500e+00 2.000e+00 1.125e+02 4.300e+00 2.000e-01 4.300e+00 2.000e-01]
 [1.700e+01 6.800e+00 2.200e+00 1.937e+02 9.400e+00 1.520e+01 1.700e+00]
 [8.100e+00 2.600e+00 1.000e-01 1.290e+01 9.520e+01 8.000e+00 1.100e+00]
 [6.900e+00 2.900e+00 2.600e+00 7.200e+00 3.000e-01 6.710e+01 3.000e+00]
 [6.500e+00 2.000e-01 7.000e-01 4.000e+00 0.000e+00 8.900e+00 3.470e+01]]"
Cora;model;98;16;6;0.5;0.5;16;0.003;0.7761321909424724;0.758181884243695;"[[ 71.4   3.6   2.3  12.8   4.2   7.9   3.8]
 [  2.   50.5   4.6   5.1   0.3   3.2   0.3]
 [  2.6   2.  112.6   5.7   0.2   2.5   0.4]
 [ 17.8   7.5   2.8 198.7   8.8   8.4   2. ]
 [  8.6   2.8   0.6  12.6  97.5   4.9   1. ]
 [  7.    2.8   2.7   5.4   0.2  68.6   3.3]
 [  6.7   0.3   0.9   3.5   0.    8.8  34.8]]"
Cora;model;105;16;6;0.5;0.5;16;0.003;0.7847001223990209;0.7661362351939249;"[[7.110e+01 2.100e+00 2.400e+00 1.540e+01 4.000e+00 7.700e+00 3.300e+00]
 [1.700e+00 4.750e+01 5.500e+00 6.800e+00 2.000e-01 4.000e+00 3.000e-01]
 [2.100e+00 9.000e-01 1.121e+02 7.400e+00 3.000e-01 3.100e+00 1.000e-01]
 [1.560e+01 4.700e+00 2.300e+00 2.063e+02 8.100e+00 8.000e+00 1.000e+00]
 [8.100e+00 2.000e+00 3.000e-01 1.310e+01 9.890e+01 5.000e+00 6.000e-01]
 [6.300e+00 2.200e+00 2.600e+00 5.200e+00 4.000e-01 7.060e+01 2.700e+00]
 [7.000e+00 1.000e-01 1.000e+00 3.100e+00 0.000e+00 9.200e+00 3.460e+01]]"
Cora;model;112;16;6;0.5;0.5;16;0.003;0.7921664626682986;0.7773643268800169;"[[7.320e+01 2.300e+00 2.100e+00 1.380e+01 4.100e+00 6.300e+00 4.200e+00]
 [2.000e+00 4.990e+01 5.500e+00 5.600e+00 3.000e-01 2.300e+00 4.000e-01]
 [2.000e+00 7.000e-01 1.149e+02 6.300e+00 4.000e-01 1.700e+00 0.000e+00]
 [1.840e+01 5.000e+00 3.900e+00 2.007e+02 1.060e+01 5.900e+00 1.500e+00]
 [8.500e+00 2.400e+00 3.000e-01 1.000e+01 1.035e+02 2.700e+00 6.000e-01]
 [6.900e+00 2.500e+00 2.700e+00 6.200e+00 7.000e-01 6.790e+01 3.100e+00]
 [7.400e+00 1.000e-01 5.000e-01 3.700e+00 1.000e-01 6.100e+00 3.710e+01]]"
Cora;model;119;16;6;0.5;0.5;16;0.003;0.8013463892288861;0.7862947081061868;"[[7.080e+01 2.600e+00 1.800e+00 1.750e+01 4.100e+00 5.300e+00 3.900e+00]
 [1.800e+00 4.940e+01 4.800e+00 7.000e+00 2.000e-01 2.500e+00 3.000e-01]
 [1.900e+00 7.000e-01 1.125e+02 8.400e+00 4.000e-01 1.900e+00 2.000e-01]
 [1.350e+01 4.200e+00 1.500e+00 2.117e+02 8.100e+00 6.000e+00 1.000e+00]
 [7.800e+00 2.000e+00 4.000e-01 1.210e+01 1.023e+02 3.000e+00 4.000e-01]
 [5.900e+00 2.000e+00 2.700e+00 6.200e+00 4.000e-01 6.990e+01 2.900e+00]
 [6.700e+00 0.000e+00 4.000e-01 3.100e+00 1.000e-01 6.600e+00 3.810e+01]]"
Cora;model;126;16;6;0.5;0.5;16;0.003;0.8015911872705018;0.7885293017213337;"[[7.530e+01 2.400e+00 1.600e+00 1.320e+01 3.800e+00 5.700e+00 4.000e+00]
 [1.700e+00 5.030e+01 4.600e+00 6.000e+00 2.000e-01 3.100e+00 1.000e-01]
 [2.400e+00 9.000e-01 1.134e+02 6.800e+00 6.000e-01 1.700e+00 2.000e-01]
 [1.810e+01 4.600e+00 1.700e+00 2.038e+02 9.600e+00 7.200e+00 1.000e+00]
 [8.500e+00 2.100e+00 1.000e-01 9.600e+00 1.041e+02 3.100e+00 5.000e-01]
 [7.100e+00 1.800e+00 2.400e+00 5.500e+00 4.000e-01 7.020e+01 2.600e+00]
 [6.800e+00 0.000e+00 5.000e-01 2.600e+00 3.000e-01 7.000e+00 3.780e+01]]"
Cora;model;133;16;6;0.5;0.5;16;0.003;0.7955936352509181;0.781729205787253;"[[7.350e+01 3.200e+00 1.700e+00 1.400e+01 3.600e+00 5.900e+00 4.100e+00]
 [1.600e+00 4.920e+01 4.000e+00 7.400e+00 3.000e-01 3.400e+00 1.000e-01]
 [2.000e+00 1.300e+00 1.084e+02 1.160e+01 4.000e-01 2.100e+00 2.000e-01]
 [1.560e+01 4.700e+00 2.500e+00 2.059e+02 8.300e+00 7.800e+00 1.200e+00]
 [7.600e+00 1.900e+00 8.000e-01 1.060e+01 1.030e+02 3.500e+00 6.000e-01]
 [5.900e+00 2.100e+00 2.100e+00 5.200e+00 5.000e-01 7.190e+01 2.300e+00]
 [6.800e+00 0.000e+00 4.000e-01 2.000e+00 2.000e-01 7.500e+00 3.810e+01]]"
Cora;model;140;16;6;0.5;0.5;16;0.003;0.8083231334149327;0.7932943682743053;"[[7.450e+01 2.900e+00 1.600e+00 1.480e+01 3.700e+00 4.000e+00 4.500e+00]
 [1.800e+00 4.870e+01 4.600e+00 7.200e+00 6.000e-01 3.000e+00 1.000e-01]
 [2.200e+00 7.000e-01 1.124e+02 8.400e+00 6.000e-01 1.400e+00 3.000e-01]
 [1.580e+01 4.200e+00 1.200e+00 2.097e+02 8.700e+00 5.000e+00 1.400e+00]
 [7.400e+00 1.700e+00 1.000e-01 9.700e+00 1.064e+02 2.100e+00 6.000e-01]
 [6.800e+00 1.500e+00 2.000e+00 6.200e+00 5.000e-01 7.000e+01 3.000e+00]
 [7.100e+00 0.000e+00 4.000e-01 2.000e+00 2.000e-01 6.600e+00 3.870e+01]]"
Cora;pagerank;7;16;6;0.5;0.5;16;0.003;0.14467564259485927;0.06933591962548473;"[[15.2  0.1 39.5  0.4 10.2 30.1 10.5]
 [ 6.5  2.8 25.1  0.   6.3 19.   6.3]
 [14.3  2.8 49.1  0.3 11.6 35.2 12.7]
 [26.3  0.1 94.8  4.  24.8 72.1 23.9]
 [15.2  0.1 48.5  0.3 13.9 37.3 12.7]
 [11.6  0.2 35.   0.   8.5 26.   8.7]
 [ 7.4  0.  19.4  0.1  5.1 15.8  7.2]]"
Cora;pagerank;14;16;6;0.5;0.5;16;0.003;0.1414932680538556;0.10342723119703748;"[[1.220e+01 0.000e+00 1.930e+01 3.000e-01 1.290e+01 3.500e+01 2.630e+01]
 [1.000e-01 3.300e+00 2.340e+01 0.000e+00 7.000e+00 1.940e+01 1.280e+01]
 [5.000e-01 1.200e+00 3.090e+01 1.000e-01 1.650e+01 4.420e+01 3.260e+01]
 [9.300e+00 0.000e+00 3.860e+01 5.400e+00 2.490e+01 1.024e+02 6.540e+01]
 [9.100e+00 1.000e-01 2.590e+01 4.000e-01 1.340e+01 4.610e+01 3.300e+01]
 [3.300e+00 1.000e-01 2.160e+01 0.000e+00 1.030e+01 3.280e+01 2.190e+01]
 [1.600e+00 0.000e+00 1.180e+01 0.000e+00 5.400e+00 1.860e+01 1.760e+01]]"
Cora;pagerank;21;16;6;0.5;0.5;16;0.003;0.24026927784577726;0.19219440075998842;"[[28.7  0.1 11.6  1.7 14.2 31.4 18.3]
 [ 0.3  2.6 21.7  2.1  8.2 20.3 10.8]
 [ 0.5  0.3 39.   0.4 13.2 37.  35.6]
 [13.6  0.  31.2 27.5 60.  72.  41.7]
 [ 8.5  0.  13.7  4.6 43.5 33.4 24.3]
 [ 3.6  0.1 20.8  0.   7.5 37.3 20.7]
 [ 3.6  0.   9.6  0.5  5.1 18.5 17.7]]"
Cora;pagerank;28;16;6;0.5;0.5;16;0.003;0.32068543451652387;0.26975507819614386;"[[32.5  0.1 12.5  2.1 15.  30.8 13. ]
 [ 1.5  5.8 17.6  3.9  7.2 23.6  6.4]
 [ 1.8  0.7 54.5  5.6 13.4 31.3 18.7]
 [ 9.2  1.  38.7 30.2 55.2 79.3 32.4]
 [ 6.3  0.2 11.9  1.7 72.4 25.7  9.8]
 [ 3.8  0.2 13.   3.1  8.9 48.9 12.1]
 [ 2.4  0.   7.5  1.8  5.2 20.4 17.7]]"
Cora;pagerank;35;16;6;0.5;0.5;16;0.003;0.4138310893512852;0.37469305311777606;"[[40.6  0.  16.   5.8 11.2 24.8  7.6]
 [ 0.4  8.9 25.1  4.   6.6 20.8  0.2]
 [ 0.7  0.4 79.9  0.3 12.6 30.5  1.6]
 [ 9.9  0.2 45.9 64.7 44.3 69.7 11.3]
 [ 6.1  0.2 16.5  7.  75.2 18.1  4.9]
 [ 3.3  0.3 18.7  2.9  7.3 53.   4.5]
 [ 5.2  0.  11.2  3.   3.8 16.  15.8]]"
Cora;pagerank;42;16;6;0.5;0.5;16;0.003;0.5188494492044063;0.4730835184446815;"[[4.470e+01 2.000e-01 1.560e+01 1.270e+01 7.000e+00 1.790e+01 7.900e+00]
 [5.000e-01 1.330e+01 2.970e+01 3.700e+00 5.700e+00 1.290e+01 2.000e-01]
 [5.000e-01 1.000e-01 1.097e+02 2.000e+00 6.000e-01 1.190e+01 1.200e+00]
 [8.900e+00 2.000e-01 3.960e+01 1.014e+02 4.040e+01 4.610e+01 9.400e+00]
 [5.800e+00 5.000e-01 1.440e+01 9.600e+00 8.320e+01 1.110e+01 3.400e+00]
 [4.900e+00 4.000e-01 2.010e+01 5.900e+00 1.000e+00 5.310e+01 4.600e+00]
 [5.500e+00 0.000e+00 1.310e+01 6.100e+00 9.000e-01 1.090e+01 1.850e+01]]"
Cora;pagerank;49;16;6;0.5;0.5;16;0.003;0.5384332925336597;0.5077148238059908;"[[5.590e+01 3.000e-01 1.300e+01 5.900e+00 6.900e+00 1.970e+01 4.300e+00]
 [6.000e-01 1.600e+01 2.580e+01 6.000e-01 6.100e+00 1.660e+01 3.000e-01]
 [7.000e-01 2.000e-01 1.111e+02 0.000e+00 2.000e-01 1.350e+01 3.000e-01]
 [1.360e+01 1.000e-01 4.900e+01 8.520e+01 3.920e+01 5.450e+01 4.400e+00]
 [7.100e+00 8.000e-01 1.090e+01 1.600e+00 9.290e+01 1.370e+01 1.000e+00]
 [5.900e+00 2.000e-01 1.400e+01 3.200e+00 1.400e+00 6.300e+01 2.300e+00]
 [8.700e+00 0.000e+00 1.280e+01 1.300e+00 1.800e+00 1.460e+01 1.580e+01]]"
Cora;pagerank;56;16;6;0.5;0.5;16;0.003;0.5755201958384333;0.538200704057348;"[[ 61.1   0.6  11.7   5.2   8.   16.7   2.7]
 [  0.9  21.5  23.9   1.4   4.4  13.7   0.2]
 [  1.3   0.3 114.4   0.7   0.7   8.6   0. ]
 [ 19.2   0.4  43.   99.   36.6  47.1   0.7]
 [  7.2   0.9   6.3   2.3  96.7  14.    0.6]
 [  6.5   0.5  12.1   3.7   1.7  64.1   1.4]
 [ 10.8   0.   13.1   1.6   1.2  14.9  13.4]]"
Cora;pagerank;63;16;6;0.5;0.5;16;0.003;0.6509179926560587;0.6146889507148638;"[[6.020e+01 5.000e-01 1.250e+01 1.210e+01 4.600e+00 1.270e+01 3.400e+00]
 [1.000e+00 2.440e+01 2.440e+01 5.900e+00 1.200e+00 8.800e+00 3.000e-01]
 [9.000e-01 2.000e-01 1.196e+02 1.000e+00 1.000e-01 4.200e+00 0.000e+00]
 [1.520e+01 3.000e-01 3.260e+01 1.524e+02 1.540e+01 2.920e+01 9.000e-01]
 [7.000e+00 1.100e+00 7.200e+00 1.020e+01 9.130e+01 1.040e+01 8.000e-01]
 [5.200e+00 2.000e-01 1.080e+01 6.500e+00 8.000e-01 6.430e+01 2.200e+00]
 [8.700e+00 0.000e+00 9.900e+00 3.000e+00 6.000e-01 1.320e+01 1.960e+01]]"
Cora;pagerank;70;16;6;0.5;0.5;16;0.003;0.70734394124847;0.6733370261254441;"[[ 58.5   1.3  10.2  15.5   6.6  10.5   3.4]
 [  1.   35.7  14.4   5.4   1.2   8.    0.3]
 [  0.6   0.4 120.3   1.6   0.2   2.9   0. ]
 [ 11.    1.9  15.  182.8  14.5  19.5   1.3]
 [  5.4   2.1   3.3  16.2  91.1   9.    0.9]
 [  4.7   2.    6.6   7.3   1.1  65.6   2.7]
 [  8.4   0.    4.7   2.6   1.5  13.9  23.9]]"
Cora;pagerank;77;16;6;0.5;0.5;16;0.003;0.7261933904528763;0.7052881777805956;"[[6.170e+01 2.700e+00 9.800e+00 1.150e+01 5.000e+00 8.200e+00 7.100e+00]
 [1.300e+00 4.510e+01 1.030e+01 2.300e+00 2.000e-01 4.700e+00 2.100e+00]
 [8.000e-01 1.400e+00 1.204e+02 1.000e+00 1.000e-01 2.000e+00 3.000e-01]
 [1.550e+01 7.100e+00 1.660e+01 1.767e+02 1.210e+01 1.350e+01 4.500e+00]
 [6.900e+00 3.500e+00 3.000e+00 1.250e+01 9.180e+01 6.700e+00 3.600e+00]
 [5.800e+00 4.700e+00 5.000e+00 6.300e+00 7.000e-01 6.280e+01 4.700e+00]
 [5.600e+00 3.000e-01 3.300e+00 1.200e+00 4.000e-01 9.400e+00 3.480e+01]]"
Cora;pagerank;84;16;6;0.5;0.5;16;0.003;0.7484700122399021;0.7246698347503301;"[[6.800e+01 1.700e+00 8.600e+00 1.090e+01 4.200e+00 8.700e+00 3.900e+00]
 [2.100e+00 4.520e+01 1.120e+01 4.300e+00 4.000e-01 2.500e+00 3.000e-01]
 [9.000e-01 7.000e-01 1.214e+02 1.900e+00 1.000e-01 1.000e+00 0.000e+00]
 [1.830e+01 4.400e+00 8.400e+00 1.927e+02 9.800e+00 1.070e+01 1.700e+00]
 [1.120e+01 2.400e+00 3.500e+00 1.360e+01 8.980e+01 6.300e+00 1.200e+00]
 [6.500e+00 3.300e+00 6.400e+00 7.700e+00 9.000e-01 6.230e+01 2.900e+00]
 [7.800e+00 0.000e+00 3.600e+00 3.400e+00 3.000e-01 7.800e+00 3.210e+01]]"
Cora;pagerank;91;16;6;0.5;0.5;16;0.003;0.7607099143206855;0.7365770778636784;"[[7.160e+01 1.500e+00 8.300e+00 9.700e+00 4.300e+00 7.000e+00 3.600e+00]
 [2.400e+00 4.490e+01 1.080e+01 4.400e+00 7.000e-01 2.600e+00 2.000e-01]
 [1.000e+00 7.000e-01 1.210e+02 1.800e+00 1.000e-01 1.400e+00 0.000e+00]
 [2.080e+01 3.200e+00 7.100e+00 1.934e+02 1.040e+01 9.900e+00 1.200e+00]
 [1.010e+01 2.200e+00 3.100e+00 9.800e+00 9.560e+01 5.900e+00 1.300e+00]
 [7.500e+00 2.800e+00 5.900e+00 6.100e+00 1.000e+00 6.400e+01 2.700e+00]
 [9.100e+00 0.000e+00 3.500e+00 3.200e+00 1.000e-01 8.100e+00 3.100e+01]]"
Cora;pagerank;98;16;6;0.5;0.5;16;0.003;0.7663402692778457;0.7412134618021442;"[[7.520e+01 1.300e+00 6.400e+00 1.040e+01 4.300e+00 5.700e+00 2.700e+00]
 [3.500e+00 4.420e+01 9.000e+00 5.400e+00 6.000e-01 3.100e+00 2.000e-01]
 [1.600e+00 7.000e-01 1.203e+02 1.900e+00 1.000e-01 1.400e+00 0.000e+00]
 [2.340e+01 2.100e+00 3.800e+00 1.993e+02 9.400e+00 7.000e+00 1.000e+00]
 [1.160e+01 1.900e+00 1.500e+00 1.250e+01 9.430e+01 5.000e+00 1.200e+00]
 [8.200e+00 2.700e+00 4.000e+00 7.600e+00 8.000e-01 6.400e+01 2.700e+00]
 [1.100e+01 0.000e+00 2.700e+00 4.100e+00 2.000e-01 8.200e+00 2.880e+01]]"
Cora;pagerank;105;16;6;0.5;0.5;16;0.003;0.7750305997552019;0.751449036125108;"[[7.260e+01 1.400e+00 7.100e+00 1.040e+01 5.100e+00 6.200e+00 3.200e+00]
 [2.100e+00 4.610e+01 9.600e+00 4.300e+00 6.000e-01 3.100e+00 2.000e-01]
 [9.000e-01 6.000e-01 1.207e+02 2.100e+00 3.000e-01 1.400e+00 0.000e+00]
 [1.880e+01 2.600e+00 5.700e+00 1.999e+02 1.090e+01 6.900e+00 1.200e+00]
 [9.300e+00 2.200e+00 1.500e+00 1.080e+01 9.670e+01 5.800e+00 1.700e+00]
 [6.200e+00 2.800e+00 5.900e+00 6.100e+00 1.000e+00 6.510e+01 2.900e+00]
 [8.400e+00 0.000e+00 3.100e+00 3.300e+00 1.000e-01 8.000e+00 3.210e+01]]"
Cora;pagerank;112;16;6;0.5;0.5;16;0.003;0.7772337821297429;0.7531009707424452;"[[7.180e+01 1.700e+00 4.900e+00 1.350e+01 4.500e+00 6.500e+00 3.100e+00]
 [1.900e+00 4.710e+01 7.000e+00 7.100e+00 1.000e-01 2.600e+00 2.000e-01]
 [1.400e+00 8.000e-01 1.174e+02 5.000e+00 2.000e-01 1.200e+00 0.000e+00]
 [1.480e+01 2.300e+00 2.900e+00 2.076e+02 1.040e+01 6.900e+00 1.100e+00]
 [8.600e+00 2.300e+00 7.000e-01 1.430e+01 9.360e+01 7.000e+00 1.500e+00]
 [6.000e+00 2.400e+00 4.200e+00 7.000e+00 8.000e-01 6.720e+01 2.400e+00]
 [7.600e+00 0.000e+00 1.700e+00 6.000e+00 2.000e-01 9.200e+00 3.030e+01]]"
Cora;pagerank;119;16;6;0.5;0.5;16;0.003;0.783108935128519;0.7590585438607793;"[[7.190e+01 1.700e+00 5.800e+00 1.430e+01 4.300e+00 4.600e+00 3.400e+00]
 [1.900e+00 4.660e+01 8.000e+00 6.700e+00 0.000e+00 2.600e+00 2.000e-01]
 [1.400e+00 8.000e-01 1.192e+02 3.700e+00 1.000e-01 8.000e-01 0.000e+00]
 [1.410e+01 2.300e+00 4.600e+00 2.096e+02 9.700e+00 4.900e+00 8.000e-01]
 [9.000e+00 2.300e+00 1.200e+00 1.360e+01 9.440e+01 5.500e+00 2.000e+00]
 [6.500e+00 2.500e+00 5.300e+00 6.400e+00 6.000e-01 6.620e+01 2.500e+00]
 [7.900e+00 1.000e-01 2.300e+00 5.400e+00 1.000e-01 7.300e+00 3.190e+01]]"
Cora;pagerank;126;16;6;0.5;0.5;16;0.003;0.7827417380660955;0.7587104607125688;"[[7.180e+01 1.700e+00 7.100e+00 1.290e+01 4.100e+00 5.700e+00 2.700e+00]
 [1.800e+00 4.770e+01 8.300e+00 6.300e+00 0.000e+00 1.800e+00 1.000e-01]
 [1.200e+00 8.000e-01 1.196e+02 3.100e+00 1.000e-01 1.200e+00 0.000e+00]
 [1.430e+01 3.800e+00 5.100e+00 2.058e+02 1.040e+01 5.900e+00 7.000e-01]
 [7.400e+00 2.500e+00 1.900e+00 1.170e+01 9.570e+01 7.100e+00 1.700e+00]
 [6.300e+00 2.500e+00 6.000e+00 4.500e+00 6.000e-01 6.820e+01 1.900e+00]
 [7.200e+00 0.000e+00 4.100e+00 5.300e+00 1.000e-01 7.600e+00 3.070e+01]]"
Cora;pagerank;133;16;6;0.5;0.5;16;0.003;0.7875152998776009;0.763428178848961;"[[7.190e+01 1.300e+00 6.200e+00 1.470e+01 3.500e+00 5.400e+00 3.000e+00]
 [1.400e+00 4.540e+01 7.200e+00 9.700e+00 2.000e-01 1.900e+00 2.000e-01]
 [1.400e+00 6.000e-01 1.187e+02 4.000e+00 2.000e-01 1.100e+00 0.000e+00]
 [1.310e+01 2.600e+00 3.000e+00 2.119e+02 9.500e+00 5.200e+00 7.000e-01]
 [6.500e+00 2.300e+00 7.000e-01 1.500e+01 9.590e+01 6.200e+00 1.400e+00]
 [6.300e+00 2.100e+00 4.700e+00 6.100e+00 7.000e-01 6.800e+01 2.100e+00]
 [7.200e+00 0.000e+00 2.400e+00 6.200e+00 2.000e-01 7.400e+00 3.160e+01]]"
Cora;pagerank;140;16;6;0.5;0.5;16;0.003;0.7893512851897185;0.7662109308121635;"[[7.330e+01 1.200e+00 5.400e+00 1.480e+01 4.100e+00 4.200e+00 3.000e+00]
 [1.700e+00 4.590e+01 7.000e+00 9.400e+00 2.000e-01 1.600e+00 2.000e-01]
 [1.400e+00 8.000e-01 1.177e+02 5.000e+00 2.000e-01 9.000e-01 0.000e+00]
 [1.510e+01 2.000e+00 2.800e+00 2.117e+02 9.300e+00 4.500e+00 6.000e-01]
 [7.500e+00 2.100e+00 6.000e-01 1.370e+01 9.760e+01 5.000e+00 1.500e+00]
 [6.200e+00 1.900e+00 4.800e+00 6.400e+00 9.000e-01 6.760e+01 2.200e+00]
 [7.800e+00 1.000e-01 2.600e+00 6.800e+00 2.000e-01 6.400e+00 3.110e+01]]"
Cora;random;7;16;6;0.5;0.5;16;0.003;0.2613219094247246;0.19191770365685012;"[[28.4 18.  17.9  9.3  7.1 12.5 12.8]
 [ 9.4 15.4 17.7  7.2  3.7  6.   6.6]
 [ 5.6 32.6 57.  11.   3.2  5.8 10.8]
 [18.6 57.6 46.7 54.4 26.6 20.2 21.9]
 [ 9.7 28.1 19.7 21.2 32.7  7.5  9.1]
 [16.6 15.1 21.   6.8  3.8 15.2 11.5]
 [10.8 10.3 12.6  2.5  2.3  6.1 10.4]]"
Cora;random;14;16;6;0.5;0.5;16;0.003;0.34357405140758873;0.28194765575721437;"[[23.  22.6  9.9  8.7  4.8 20.8 16.2]
 [ 0.6 21.9  8.4  8.3  4.8 14.3  7.7]
 [ 2.2 30.  57.5 12.   1.2 12.3 10.8]
 [11.1 48.2 22.3 99.  17.6 25.3 22.5]
 [ 5.9 28.   6.4 27.7 29.5 21.   9.5]
 [ 6.5 18.8  5.8  4.4  4.6 33.4 16.5]
 [ 5.8 13.   4.1  3.3  2.1 10.3 16.4]]"
Cora;random;21;16;6;0.5;0.5;16;0.003;0.4470012239902081;0.37657561501814274;"[[ 28.2  23.1   7.1  16.   10.7  12.    8.9]
 [  2.6  19.5  12.7   9.7  13.2   6.4   1.9]
 [  2.2  11.5  73.   16.4  14.6   7.6   0.7]
 [ 12.4  28.9  20.3 134.9  27.6  19.9   2. ]
 [  5.8  15.7   7.4  27.1  58.5  11.1   2.4]
 [  8.5  17.4   6.5   7.2   6.   34.8   9.6]
 [  8.4  10.6   4.4   6.    2.1   7.2  16.3]]"
Cora;random;28;16;6;0.5;0.5;16;0.003;0.508812729498164;0.44838802182671184;"[[3.050e+01 2.770e+01 4.600e+00 1.960e+01 5.800e+00 1.490e+01 2.900e+00]
 [4.600e+00 2.620e+01 1.110e+01 6.700e+00 6.100e+00 1.120e+01 1.000e-01]
 [2.700e+00 1.470e+01 8.610e+01 7.800e+00 3.200e+00 1.120e+01 3.000e-01]
 [1.420e+01 3.720e+01 1.660e+01 1.462e+02 1.010e+01 2.070e+01 1.000e+00]
 [6.200e+00 1.710e+01 7.500e+00 2.410e+01 5.940e+01 1.340e+01 3.000e-01]
 [6.700e+00 1.430e+01 6.100e+00 5.800e+00 1.900e+00 5.250e+01 2.700e+00]
 [7.200e+00 1.070e+01 2.600e+00 9.200e+00 4.000e-01 1.010e+01 1.480e+01]]"
Cora;random;35;16;6;0.5;0.5;16;0.003;0.572827417380661;0.5055168972168198;"[[ 34.1  24.1   5.1  23.4   6.2   9.1   4. ]
 [  2.5  32.2   8.9  12.    4.3   5.5   0.6]
 [  2.3   7.5 103.    4.3   1.    6.9   1. ]
 [  8.5  33.3   9.6 171.6   9.6  12.5   0.9]
 [  3.7  17.2   4.2  28.1  64.9   8.8   1.1]
 [  7.   16.5   6.3   6.9   5.2  44.    4.1]
 [  6.4  11.8   3.7   8.7   0.6   5.6  18.2]]"
Cora;random;42;16;6;0.5;0.5;16;0.003;0.5965728274173807;0.5387597457674358;"[[ 57.   12.3   2.7  16.9   4.8   8.8   3.5]
 [ 11.8  32.3   5.4  12.4   1.9   2.    0.2]
 [ 10.1  11.5  87.1  12.3   1.1   3.3   0.6]
 [ 25.2  24.6   4.5 176.8   8.7   5.4   0.8]
 [ 11.3  12.6   1.3  26.9  67.8   7.2   0.9]
 [ 16.5   8.4   3.5   6.8   4.8  46.8   3.2]
 [ 13.1   4.5   2.2   6.6   1.4   7.6  19.6]]"
Cora;random;49;16;6;0.5;0.5;16;0.003;0.6413708690330477;0.5809536282075867;"[[ 51.4  18.1   2.9  18.5   2.9   6.9   5.3]
 [  7.   37.9   7.1  11.2   1.2   1.3   0.3]
 [  3.   10.1 103.5   5.9   0.8   1.8   0.9]
 [ 14.6  21.5   4.1 192.4   6.2   5.5   1.7]
 [  6.6  13.6   2.7  28.8  66.4   8.4   1.5]
 [  9.1  10.4   4.3  10.9   1.   48.7   5.6]
 [  9.2   6.8   2.1   7.1   0.4   5.7  23.7]]"
Cora;random;56;16;6;0.5;0.5;16;0.003;0.6744186046511629;0.613443338024233;"[[5.480e+01 1.210e+01 4.300e+00 1.910e+01 3.200e+00 9.200e+00 3.300e+00]
 [5.600e+00 3.890e+01 8.000e+00 9.800e+00 9.000e-01 2.800e+00 0.000e+00]
 [2.500e+00 1.010e+01 1.064e+02 4.500e+00 6.000e-01 1.800e+00 1.000e-01]
 [1.300e+01 1.650e+01 5.500e+00 1.956e+02 8.100e+00 7.000e+00 3.000e-01]
 [5.500e+00 8.100e+00 1.900e+00 2.320e+01 7.830e+01 1.030e+01 7.000e-01]
 [8.600e+00 9.000e+00 4.900e+00 7.800e+00 2.300e+00 5.530e+01 2.100e+00]
 [9.200e+00 5.100e+00 3.100e+00 7.900e+00 3.000e-01 7.700e+00 2.170e+01]]"
Cora;random;63;16;6;0.5;0.5;16;0.003;0.691187270501836;0.631810268382387;"[[5.540e+01 1.050e+01 4.800e+00 1.850e+01 4.200e+00 9.200e+00 3.400e+00]
 [3.400e+00 4.000e+01 8.900e+00 9.500e+00 2.000e+00 2.100e+00 1.000e-01]
 [1.400e+00 3.400e+00 1.116e+02 4.500e+00 8.000e-01 4.200e+00 1.000e-01]
 [1.300e+01 1.500e+01 7.300e+00 1.938e+02 1.060e+01 5.800e+00 5.000e-01]
 [4.800e+00 6.100e+00 2.200e+00 1.970e+01 8.650e+01 7.900e+00 8.000e-01]
 [7.800e+00 9.200e+00 6.000e+00 5.600e+00 3.200e+00 5.640e+01 1.800e+00]
 [9.200e+00 5.300e+00 3.100e+00 7.900e+00 6.000e-01 7.900e+00 2.100e+01]]"
Cora;random;70;16;6;0.5;0.5;16;0.003;0.71468788249694;0.6740826259353866;"[[6.140e+01 8.600e+00 5.100e+00 1.610e+01 5.800e+00 5.300e+00 3.700e+00]
 [4.000e+00 4.230e+01 7.500e+00 9.400e+00 1.800e+00 9.000e-01 1.000e-01]
 [2.500e+00 3.700e+00 1.149e+02 3.400e+00 8.000e-01 6.000e-01 1.000e-01]
 [1.380e+01 1.320e+01 8.600e+00 1.950e+02 1.130e+01 3.800e+00 3.000e-01]
 [5.700e+00 4.700e+00 4.300e+00 2.020e+01 8.820e+01 4.200e+00 7.000e-01]
 [9.900e+00 6.400e+00 6.000e+00 6.700e+00 2.100e+00 5.690e+01 2.000e+00]
 [1.090e+01 4.100e+00 2.400e+00 7.600e+00 6.000e-01 4.200e+00 2.520e+01]]"
Cora;random;77;16;6;0.5;0.5;16;0.003;0.7292533659730722;0.6851014476979845;"[[6.780e+01 6.300e+00 3.800e+00 1.290e+01 5.500e+00 5.200e+00 4.500e+00]
 [7.300e+00 4.180e+01 5.000e+00 8.900e+00 1.500e+00 1.400e+00 1.000e-01]
 [5.700e+00 3.200e+00 1.111e+02 3.800e+00 6.000e-01 1.500e+00 1.000e-01]
 [1.710e+01 8.800e+00 3.600e+00 1.992e+02 1.140e+01 4.900e+00 1.000e+00]
 [8.100e+00 3.100e+00 5.000e-01 1.830e+01 9.180e+01 5.000e+00 1.200e+00]
 [1.200e+01 5.900e+00 3.900e+00 5.200e+00 2.800e+00 5.620e+01 4.000e+00]
 [1.210e+01 2.000e+00 9.000e-01 6.600e+00 6.000e-01 4.900e+00 2.790e+01]]"
Cora;random;84;16;6;0.5;0.5;16;0.003;0.738188494492044;0.6908624116125699;"[[6.780e+01 6.300e+00 4.600e+00 1.350e+01 5.900e+00 4.200e+00 3.700e+00]
 [5.500e+00 4.140e+01 5.500e+00 1.030e+01 1.500e+00 1.700e+00 1.000e-01]
 [2.700e+00 3.500e+00 1.135e+02 3.700e+00 1.100e+00 1.400e+00 1.000e-01]
 [1.320e+01 7.600e+00 3.500e+00 2.053e+02 1.140e+01 4.400e+00 6.000e-01]
 [7.700e+00 3.300e+00 2.000e-01 1.970e+01 9.380e+01 3.100e+00 2.000e-01]
 [1.060e+01 6.700e+00 5.700e+00 7.700e+00 2.100e+00 5.330e+01 3.900e+00]
 [1.210e+01 2.300e+00 6.000e-01 6.800e+00 1.200e+00 4.000e+00 2.800e+01]]"
Cora;random;91;16;6;0.5;0.5;16;0.003;0.7467564259485924;0.7059322330919706;"[[ 65.5   7.8   4.7  12.1   6.2   4.7   5. ]
 [  2.9  48.1   4.8   8.    1.    0.4   0.8]
 [  2.3   3.2 114.5   2.9   0.8   1.    1.3]
 [ 14.5   6.6   3.9 205.7   9.9   4.1   1.3]
 [  8.1   2.9   0.7  18.6  92.8   3.8   1.1]
 [  9.    5.5   5.6   9.2   2.   53.3   5.4]
 [  9.7   2.1   1.4   6.2   0.9   4.5  30.2]]"
Cora;random;98;16;6;0.5;0.5;16;0.003;0.7549571603427172;0.7131085808204156;"[[ 65.2   5.1   4.5  14.    5.6   5.    6.6]
 [  2.6  45.    5.6  10.3   1.3   0.7   0.5]
 [  2.4   2.5 115.4   3.6   0.7   0.9   0.5]
 [ 11.4   5.2   4.2 210.8   9.4   3.7   1.3]
 [  7.3   2.5   0.6  19.7  93.1   3.1   1.7]
 [  8.5   5.5   3.9   8.9   1.3  56.5   5.4]
 [  9.4   1.4   1.4   6.5   0.6   4.9  30.8]]"
Cora;random;105;16;6;0.5;0.5;16;0.003;0.7659730722154222;0.7310029256422663;"[[6.650e+01 5.600e+00 4.500e+00 1.330e+01 6.000e+00 5.200e+00 4.900e+00]
 [3.000e+00 4.640e+01 5.400e+00 8.400e+00 1.600e+00 8.000e-01 4.000e-01]
 [1.800e+00 2.400e+00 1.162e+02 3.200e+00 1.100e+00 1.200e+00 1.000e-01]
 [1.200e+01 5.000e+00 4.500e+00 2.097e+02 1.010e+01 4.200e+00 5.000e-01]
 [7.100e+00 2.300e+00 4.000e-01 1.840e+01 9.530e+01 3.700e+00 8.000e-01]
 [8.700e+00 4.400e+00 3.900e+00 7.400e+00 2.000e+00 6.090e+01 2.700e+00]
 [9.700e+00 1.600e+00 1.200e+00 6.200e+00 1.000e+00 4.500e+00 3.080e+01]]"
Cora;random;112;16;6;0.5;0.5;16;0.003;0.7768665850673194;0.7470502122437003;"[[6.810e+01 5.700e+00 4.700e+00 1.390e+01 5.000e+00 4.600e+00 4.000e+00]
 [2.000e+00 4.900e+01 5.500e+00 7.600e+00 1.200e+00 6.000e-01 1.000e-01]
 [1.800e+00 2.500e+00 1.169e+02 3.000e+00 6.000e-01 1.200e+00 0.000e+00]
 [1.190e+01 5.400e+00 3.600e+00 2.108e+02 1.020e+01 3.800e+00 3.000e-01]
 [7.000e+00 2.200e+00 6.000e-01 1.770e+01 9.500e+01 4.800e+00 7.000e-01]
 [8.600e+00 3.500e+00 3.900e+00 6.700e+00 1.000e+00 6.360e+01 2.700e+00]
 [1.000e+01 1.000e+00 1.100e+00 6.100e+00 5.000e-01 5.000e+00 3.130e+01]]"
Cora;random;119;16;6;0.5;0.5;16;0.003;0.7817625458996328;0.7534884869676588;"[[7.080e+01 6.100e+00 4.900e+00 1.130e+01 4.900e+00 3.400e+00 4.600e+00]
 [2.300e+00 5.210e+01 4.800e+00 5.200e+00 1.100e+00 4.000e-01 1.000e-01]
 [2.400e+00 2.200e+00 1.170e+02 2.500e+00 6.000e-01 1.000e+00 3.000e-01]
 [1.350e+01 6.100e+00 4.300e+00 2.078e+02 1.060e+01 2.900e+00 8.000e-01]
 [7.800e+00 2.600e+00 8.000e-01 1.570e+01 9.560e+01 4.000e+00 1.500e+00]
 [9.800e+00 4.900e+00 3.700e+00 4.200e+00 1.500e+00 6.320e+01 2.700e+00]
 [1.060e+01 9.000e-01 8.000e-01 5.500e+00 6.000e-01 4.400e+00 3.220e+01]]"
Cora;random;126;16;6;0.5;0.5;16;0.003;0.7883720930232558;0.7620574022353573;"[[7.060e+01 6.300e+00 4.200e+00 1.160e+01 5.500e+00 3.800e+00 4.000e+00]
 [2.000e+00 5.270e+01 5.000e+00 4.900e+00 1.000e+00 2.000e-01 2.000e-01]
 [2.500e+00 2.200e+00 1.171e+02 2.200e+00 9.000e-01 1.100e+00 0.000e+00]
 [1.280e+01 6.400e+00 4.000e+00 2.084e+02 1.070e+01 2.800e+00 9.000e-01]
 [7.800e+00 2.600e+00 7.000e-01 1.510e+01 9.820e+01 3.000e+00 6.000e-01]
 [9.300e+00 4.300e+00 3.500e+00 4.000e+00 1.100e+00 6.520e+01 2.600e+00]
 [1.080e+01 1.500e+00 6.000e-01 5.600e+00 7.000e-01 3.900e+00 3.190e+01]]"
Cora;random;133;16;6;0.5;0.5;16;0.003;0.7898408812729498;0.7621351462851754;"[[7.050e+01 5.700e+00 4.500e+00 1.210e+01 4.400e+00 4.200e+00 4.600e+00]
 [1.600e+00 5.300e+01 5.200e+00 5.400e+00 4.000e-01 3.000e-01 1.000e-01]
 [1.800e+00 2.000e+00 1.173e+02 2.900e+00 9.000e-01 1.100e+00 0.000e+00]
 [1.210e+01 6.100e+00 4.700e+00 2.093e+02 9.900e+00 3.300e+00 6.000e-01]
 [6.700e+00 2.800e+00 6.000e-01 1.580e+01 9.710e+01 3.600e+00 1.400e+00]
 [8.600e+00 3.600e+00 2.900e+00 4.200e+00 1.300e+00 6.610e+01 3.300e+00]
 [1.030e+01 8.000e-01 8.000e-01 5.500e+00 8.000e-01 4.800e+00 3.200e+01]]"
Cora;random;140;16;6;0.5;0.5;16;0.003;0.7922888616891065;0.7656448419953269;"[[7.040e+01 5.900e+00 4.200e+00 1.290e+01 5.700e+00 3.100e+00 3.800e+00]
 [1.500e+00 5.250e+01 5.400e+00 5.500e+00 7.000e-01 2.000e-01 2.000e-01]
 [1.800e+00 2.100e+00 1.171e+02 3.100e+00 9.000e-01 8.000e-01 2.000e-01]
 [1.220e+01 6.300e+00 4.200e+00 2.084e+02 1.150e+01 2.900e+00 5.000e-01]
 [6.100e+00 2.200e+00 9.000e-01 1.430e+01 1.001e+02 3.500e+00 9.000e-01]
 [8.300e+00 3.900e+00 2.800e+00 4.700e+00 1.300e+00 6.690e+01 2.100e+00]
 [9.600e+00 1.100e+00 9.000e-01 5.700e+00 1.400e+00 4.400e+00 3.190e+01]]"
