dataset_name;sampler_name;subsampler;label_propagation_uncertainty_treshold;hidden_dim_size;dropout;distance_loss_weight;learning_rate;seed;Labeled accuracy;Labeled macro-f1;Labeled confusion;Unlabeled accuracy;Unlabeled macro-f1;Unlabeled confusion;Test accuracy;Test macro-f1;Test confusion;Budget used;Class distrubution
CiteSeer;own;own;0;64;0.5;1;0.005;20795212.0;0.0;0.0;[[]];0.16294067067927773;0.15961039572703542;ommited for csv readability;0.16683316683316685;0.1631084341826332;ommited for csv readability;0.0;[]
CiteSeer;own;own;0;64;0.5;1;0.005;20795212.0;1.0;1.0;ommited for csv readability;0.30775862068965515;0.27130047093763043;ommited for csv readability;0.30569430569430567;0.26885933429024805;ommited for csv readability;6.0;[1 1 1 1 1 1]
CiteSeer;own;own;0;64;0.5;1;0.005;20795212.0;1.0;1.0;ommited for csv readability;0.3418323249783924;0.3014552812443497;ommited for csv readability;0.33666333666333664;0.29130811511145777;ommited for csv readability;12.0;[2 2 2 2 2 2]
CiteSeer;own;own;0;64;0.5;1;0.005;20795212.0;1.0;1.0;ommited for csv readability;0.35528596187175043;0.3228071857787651;ommited for csv readability;0.3226773226773227;0.2841649535292432;ommited for csv readability;18.0;[3 3 3 3 3 3]
CiteSeer;own;own;0;64;0.5;1;0.005;20795212.0;1.0;1.0;ommited for csv readability;0.37619461337966986;0.33434787873396354;ommited for csv readability;0.3806193806193806;0.3390406004842194;ommited for csv readability;24.0;[4 4 4 4 4 4]
CiteSeer;own;own;0;64;0.5;1;0.005;20795212.0;1.0;1.0;ommited for csv readability;0.3932926829268293;0.35698911463816235;ommited for csv readability;0.4035964035964036;0.3719779741696024;ommited for csv readability;30.0;[5 5 5 5 5 5]
CiteSeer;own;own;0;64;0.5;1;0.005;20795212.0;1.0;1.0;ommited for csv readability;0.4170305676855895;0.3816116450053833;ommited for csv readability;0.4015984015984016;0.3647350341384874;ommited for csv readability;36.0;[6 6 6 6 6 6]
CiteSeer;own;own;0;64;0.5;1;0.005;20795212.0;1.0;1.0;ommited for csv readability;0.4233800350262697;0.3856805979144365;ommited for csv readability;0.40559440559440557;0.36905728140475585;ommited for csv readability;42.0;[7 7 7 7 7 7]
CiteSeer;own;own;0;64;0.5;1;0.005;20795212.0;1.0;1.0;ommited for csv readability;0.43327480245829675;0.39792515767643316;ommited for csv readability;0.4085914085914086;0.3761440890680617;ommited for csv readability;48.0;[8 8 8 8 8 8]
CiteSeer;own;own;0;64;0.5;1;0.005;20795212.0;1.0;1.0;ommited for csv readability;0.4317781690140845;0.39511643020293824;ommited for csv readability;0.41858141858141856;0.38675073626074;ommited for csv readability;54.0;[9 9 9 9 9 9]
CiteSeer;own;own;0;64;0.5;1;0.005;20795212.0;1.0;1.0;ommited for csv readability;0.4355692850838482;0.39308045008748455;ommited for csv readability;0.4075924075924076;0.3726326980976102;ommited for csv readability;60.0;[10 10 10 10 10 10]
CiteSeer;own;own;0;64;0.5;1;0.005;20795212.0;1.0;1.0;ommited for csv readability;0.4314159292035398;0.39482007965345983;ommited for csv readability;0.4255744255744256;0.39096258374629;ommited for csv readability;66.0;[11 11 11 11 11 11]
CiteSeer;own;own;0;64;0.5;1;0.005;20795212.0;0.9722222222222222;0.9722222222222222;ommited for csv readability;0.4787045252883762;0.44049945378307925;ommited for csv readability;0.46653346653346656;0.4400224394797445;ommited for csv readability;72.0;[12 12 12 12 12 12]
CiteSeer;own;own;0;64;0.5;1;0.005;20795212.0;0.9743589743589743;0.9743589743589745;ommited for csv readability;0.476423487544484;0.44062118083067703;ommited for csv readability;0.45054945054945056;0.41837432165939953;ommited for csv readability;78.0;[13 13 13 13 13 13]
CiteSeer;own;own;0;64;0.5;1;0.005;20795212.0;0.9761904761904762;0.9761904761904763;ommited for csv readability;0.49420160570918825;0.4595599283759139;ommited for csv readability;0.4725274725274725;0.4392825177291411;ommited for csv readability;84.0;[14 14 14 14 14 14]
CiteSeer;own;own;0;64;0.5;1;0.005;20795212.0;0.9777777777777777;0.9777777777777779;ommited for csv readability;0.48389982110912344;0.44504090229828597;ommited for csv readability;0.4675324675324675;0.4366783713836466;ommited for csv readability;90.0;[15 15 15 15 15 15]
CiteSeer;own;own;0;64;0.5;1;0.005;20795212.0;0.9791666666666666;0.9791666666666666;ommited for csv readability;0.49192825112107624;0.4526069941337468;ommited for csv readability;0.4745254745254745;0.44342299630800414;ommited for csv readability;96.0;[16 16 16 16 16 16]
CiteSeer;own;own;0;64;0.5;1;0.005;20795212.0;0.9803921568627451;0.9803921568627452;ommited for csv readability;0.493705035971223;0.4542046775463709;ommited for csv readability;0.46553446553446554;0.43216278024769245;ommited for csv readability;102.0;[17 17 17 17 17 17]
CiteSeer;own;own;0;64;0.5;1;0.005;20795212.0;0.9814814814814815;0.9814814814814815;ommited for csv readability;0.5157799819657349;0.4778702949615737;ommited for csv readability;0.4865134865134865;0.457115944678994;ommited for csv readability;108.0;[18 18 18 18 18 18]
CiteSeer;own;own;0;64;0.5;1;0.005;20795212.0;0.9824561403508771;0.9824561403508771;ommited for csv readability;0.5076853526220615;0.467009483775958;ommited for csv readability;0.4785214785214785;0.445933966959504;ommited for csv readability;114.0;[19 19 19 19 19 19]
CiteSeer;own;own;0;64;0.5;1;0.005;20795212.0;0.9833333333333333;0.9833333333333334;ommited for csv readability;0.5018132366273799;0.4641869357452229;ommited for csv readability;0.47052947052947053;0.4398780220909659;ommited for csv readability;120.0;[20 20 20 20 20 20]


CiteSeer;own;own;0;64;0.5;1;0.005;649695571.0;0.0;0.0;[[]];0.15950128976784178;0.15692347326092418;ommited for csv readability;0.1878121878121878;0.18188203991809224;ommited for csv readability;0.0;[]
CiteSeer;own;own;0;64;0.5;1;0.005;649695571.0;1.0;1.0;ommited for csv readability;0.2607758620689655;0.22702749947862721;ommited for csv readability;0.2707292707292707;0.2338614723631023;ommited for csv readability;6.0;[1 1 1 1 1 1]
CiteSeer;own;own;0;64;0.5;1;0.005;649695571.0;1.0;1.0;ommited for csv readability;0.36041486603284356;0.3130054327014839;ommited for csv readability;0.35664335664335667;0.3188225967049075;ommited for csv readability;12.0;[2 2 2 2 2 2]
CiteSeer;own;own;0;64;0.5;1;0.005;649695571.0;1.0;1.0;ommited for csv readability;0.3869150779896014;0.33985517468583143;ommited for csv readability;0.37362637362637363;0.3276292169422074;ommited for csv readability;18.0;[3 3 3 3 3 3]
CiteSeer;own;own;0;64;0.5;1;0.005;649695571.0;1.0;1.0;ommited for csv readability;0.3705473501303215;0.32819599831499474;ommited for csv readability;0.36863136863136864;0.33175932909272293;ommited for csv readability;24.0;[4 4 4 4 4 4]
CiteSeer;own;own;0;64;0.5;1;0.005;649695571.0;1.0;1.0;ommited for csv readability;0.37674216027874563;0.33290053827442095;ommited for csv readability;0.37462537462537465;0.3368008118569102;ommited for csv readability;30.0;[5 5 5 5 5 5]
CiteSeer;own;own;0;64;0.5;1;0.005;649695571.0;1.0;1.0;ommited for csv readability;0.38777292576419214;0.3521352220594381;ommited for csv readability;0.3876123876123876;0.3519882427790573;ommited for csv readability;36.0;[6 6 6 6 6 6]
CiteSeer;own;own;0;64;0.5;1;0.005;649695571.0;1.0;1.0;ommited for csv readability;0.4233800350262697;0.3779802548964019;ommited for csv readability;0.4305694305694306;0.3895201159579791;ommited for csv readability;42.0;[7 7 7 7 7 7]
CiteSeer;own;own;0;64;0.5;1;0.005;649695571.0;1.0;1.0;ommited for csv readability;0.4315188762071993;0.3879627394893748;ommited for csv readability;0.4255744255744256;0.3883736304129973;ommited for csv readability;48.0;[8 8 8 8 8 8]
CiteSeer;own;own;0;64;0.5;1;0.005;649695571.0;1.0;1.0;ommited for csv readability;0.4529049295774648;0.4149813599620746;ommited for csv readability;0.45254745254745254;0.4220956560148002;ommited for csv readability;54.0;[9 9 9 9 9 9]
CiteSeer;own;own;0;64;0.5;1;0.005;649695571.0;1.0;1.0;ommited for csv readability;0.4479258605472198;0.4092025260025774;ommited for csv readability;0.45554445554445555;0.4247359265265603;ommited for csv readability;60.0;[10 10 10 10 10 10]
CiteSeer;own;own;0;64;0.5;1;0.005;649695571.0;1.0;1.0;ommited for csv readability;0.46415929203539824;0.4257991980881277;ommited for csv readability;0.4745254745254745;0.44198061784552634;ommited for csv readability;66.0;[11 11 11 11 11 11]
CiteSeer;own;own;0;64;0.5;1;0.005;649695571.0;1.0;1.0;ommited for csv readability;0.46938775510204084;0.43424052238230426;ommited for csv readability;0.45454545454545453;0.4177675721851813;ommited for csv readability;72.0;[12 12 12 12 12 12]
CiteSeer;own;own;0;64;0.5;1;0.005;649695571.0;1.0;1.0;ommited for csv readability;0.48131672597864766;0.43849598151485786;ommited for csv readability;0.46553446553446554;0.4275951607623553;ommited for csv readability;78.0;[13 13 13 13 13 13]
CiteSeer;own;own;0;64;0.5;1;0.005;649695571.0;1.0;1.0;ommited for csv readability;0.4705619982158787;0.42666131676024016;ommited for csv readability;0.4775224775224775;0.43993247934672475;ommited for csv readability;84.0;[14 14 14 14 14 14]
CiteSeer;own;own;0;64;0.5;1;0.005;649695571.0;1.0;1.0;ommited for csv readability;0.46645796064400713;0.4214871385771759;ommited for csv readability;0.46353646353646355;0.4254784804865926;ommited for csv readability;90.0;[15 15 15 15 15 15]
CiteSeer;own;own;0;64;0.5;1;0.005;649695571.0;1.0;1.0;ommited for csv readability;0.4713004484304933;0.4292676707969945;ommited for csv readability;0.4435564435564436;0.4055501650577062;ommited for csv readability;96.0;[16 16 16 16 16 16]
CiteSeer;own;own;0;64;0.5;1;0.005;649695571.0;1.0;1.0;ommited for csv readability;0.46223021582733814;0.42051138565999824;ommited for csv readability;0.46153846153846156;0.42562936698550935;ommited for csv readability;102.0;[17 17 17 17 17 17]
CiteSeer;own;own;0;64;0.5;1;0.005;649695571.0;1.0;1.0;ommited for csv readability;0.4733994589720469;0.43419277218103014;ommited for csv readability;0.45254745254745254;0.4170163528135664;ommited for csv readability;108.0;[18 18 18 18 18 18]
CiteSeer;own;own;0;64;0.5;1;0.005;649695571.0;1.0;1.0;ommited for csv readability;0.47739602169981915;0.43438796586495093;ommited for csv readability;0.42857142857142855;0.3920768049095243;ommited for csv readability;114.0;[19 19 19 19 19 19]
CiteSeer;own;own;0;64;0.5;1;0.005;649695571.0;1.0;1.0;ommited for csv readability;0.4800543970988214;0.4420411966873921;ommited for csv readability;0.45754245754245754;0.4234084701203522;ommited for csv readability;120.0;[20 20 20 20 20 20]


CiteSeer;own;own;0;64;0.5;1;0.005;831763849.0;0.0;0.0;[[]];0.1530524505588994;0.1496870773228289;ommited for csv readability;0.1928071928071928;0.18709129407120884;ommited for csv readability;0.0;[]
CiteSeer;own;own;0;64;0.5;1;0.005;831763849.0;1.0;1.0;ommited for csv readability;0.2814655172413793;0.2639320675873764;ommited for csv readability;0.2677322677322677;0.25242399057506587;ommited for csv readability;6.0;[1 1 1 1 1 1]
CiteSeer;own;own;0;64;0.5;1;0.005;831763849.0;1.0;1.0;ommited for csv readability;0.32497839239412274;0.3077227728163994;ommited for csv readability;0.2887112887112887;0.27262632768075873;ommited for csv readability;12.0;[2 2 2 2 2 2]
CiteSeer;own;own;0;64;0.5;1;0.005;831763849.0;1.0;1.0;ommited for csv readability;0.33665511265164644;0.3200986271797335;ommited for csv readability;0.2887112887112887;0.27367133317997294;ommited for csv readability;18.0;[3 3 3 3 3 3]
CiteSeer;own;own;0;64;0.5;1;0.005;831763849.0;1.0;1.0;ommited for csv readability;0.37706342311033886;0.3535554311631595;ommited for csv readability;0.33766233766233766;0.32043363492721955;ommited for csv readability;24.0;[4 4 4 4 4 4]
CiteSeer;own;own;0;64;0.5;1;0.005;831763849.0;1.0;1.0;ommited for csv readability;0.4037456445993031;0.3685826149025915;ommited for csv readability;0.3806193806193806;0.34115267485286926;ommited for csv readability;30.0;[5 5 5 5 5 5]
CiteSeer;own;own;0;64;0.5;1;0.005;831763849.0;1.0;1.0;ommited for csv readability;0.40218340611353715;0.36598394927047223;ommited for csv readability;0.3876123876123876;0.3495277185605434;ommited for csv readability;36.0;[6 6 6 6 6 6]
CiteSeer;own;own;0;64;0.5;1;0.005;831763849.0;1.0;1.0;ommited for csv readability;0.4128721541155867;0.3739922390891712;ommited for csv readability;0.4125874125874126;0.37276960093155215;ommited for csv readability;42.0;[7 7 7 7 7 7]
CiteSeer;own;own;0;64;0.5;1;0.005;831763849.0;1.0;1.0;ommited for csv readability;0.43371378402107114;0.39202402557933175;ommited for csv readability;0.4155844155844156;0.3786703054584109;ommited for csv readability;48.0;[8 8 8 8 8 8]
CiteSeer;own;own;0;64;0.5;1;0.005;831763849.0;1.0;1.0;ommited for csv readability;0.4639084507042254;0.42698677839287386;ommited for csv readability;0.43456543456543456;0.39754244301040104;ommited for csv readability;54.0;[9 9 9 9 9 9]
CiteSeer;own;own;0;64;0.5;1;0.005;831763849.0;1.0;1.0;ommited for csv readability;0.4496910856134157;0.4176219876469936;ommited for csv readability;0.41858141858141856;0.38732606249270357;ommited for csv readability;60.0;[10 10 10 10 10 10]
CiteSeer;own;own;0;64;0.5;1;0.005;831763849.0;1.0;1.0;ommited for csv readability;0.4579646017699115;0.4212917217272411;ommited for csv readability;0.4225774225774226;0.391996723596517;ommited for csv readability;66.0;[11 11 11 11 11 11]
CiteSeer;own;own;0;64;0.5;1;0.005;831763849.0;1.0;1.0;ommited for csv readability;0.4587400177462289;0.4295492538757741;ommited for csv readability;0.4205794205794206;0.38686537814007577;ommited for csv readability;72.0;[12 12 12 12 12 12]
CiteSeer;own;own;0;64;0.5;1;0.005;831763849.0;1.0;1.0;ommited for csv readability;0.46307829181494664;0.4305754550046354;ommited for csv readability;0.43656343656343655;0.40482451905161226;ommited for csv readability;78.0;[13 13 13 13 13 13]
CiteSeer;own;own;0;64;0.5;1;0.005;831763849.0;1.0;1.0;ommited for csv readability;0.45807314897413026;0.41859148343177544;ommited for csv readability;0.4355644355644356;0.39747037718829437;ommited for csv readability;84.0;[14 14 14 14 14 14]
CiteSeer;own;own;0;64;0.5;1;0.005;831763849.0;1.0;1.0;ommited for csv readability;0.47942754919499103;0.44539056298707647;ommited for csv readability;0.44755244755244755;0.4171283367095447;ommited for csv readability;90.0;[15 15 15 15 15 15]
CiteSeer;own;own;0;64;0.5;1;0.005;831763849.0;1.0;1.0;ommited for csv readability;0.48251121076233183;0.4496955688725641;ommited for csv readability;0.44455544455544455;0.4170576396323649;ommited for csv readability;96.0;[16 16 16 16 16 16]
CiteSeer;own;own;0;64;0.5;1;0.005;831763849.0;1.0;1.0;ommited for csv readability;0.48201438848920863;0.4529247792187722;ommited for csv readability;0.46053946053946054;0.42931436107193144;ommited for csv readability;102.0;[17 17 17 17 17 17]
CiteSeer;own;own;0;64;0.5;1;0.005;831763849.0;1.0;1.0;ommited for csv readability;0.4824165915238954;0.4489801865061998;ommited for csv readability;0.46053946053946054;0.4312145467027983;ommited for csv readability;108.0;[18 18 18 18 18 18]
CiteSeer;own;own;0;64;0.5;1;0.005;831763849.0;1.0;1.0;ommited for csv readability;0.4859855334538879;0.4502791707969787;ommited for csv readability;0.46253746253746253;0.42842537458026414;ommited for csv readability;114.0;[19 19 19 19 19 19]
CiteSeer;own;own;0;64;0.5;1;0.005;831763849.0;1.0;1.0;ommited for csv readability;0.4904805077062557;0.4569769143377322;ommited for csv readability;0.46053946053946054;0.4247697446578316;ommited for csv readability;120.0;[20 20 20 20 20 20]


CiteSeer;own;own;0;64;0.5;1;0.005;615395017.0;0.0;0.0;[[]];0.16122098022355977;0.15877754850515283;ommited for csv readability;0.15584415584415584;0.15316516040508396;ommited for csv readability;0.0;[]
CiteSeer;own;own;0;64;0.5;1;0.005;615395017.0;1.0;1.0;ommited for csv readability;0.18060344827586206;0.17938622492268239;ommited for csv readability;0.2077922077922078;0.2067374358698196;ommited for csv readability;6.0;[1 1 1 1 1 1]
CiteSeer;own;own;0;64;0.5;1;0.005;615395017.0;1.0;1.0;ommited for csv readability;0.3180639585133967;0.2852694442731292;ommited for csv readability;0.3256743256743257;0.300476640200175;ommited for csv readability;12.0;[2 2 2 2 2 2]
CiteSeer;own;own;0;64;0.5;1;0.005;615395017.0;1.0;1.0;ommited for csv readability;0.34055459272097055;0.30906228952414233;ommited for csv readability;0.35764235764235763;0.33020409251930577;ommited for csv readability;18.0;[3 3 3 3 3 3]
CiteSeer;own;own;0;64;0.5;1;0.005;615395017.0;1.0;1.0;ommited for csv readability;0.37706342311033886;0.3349173649280836;ommited for csv readability;0.3806193806193806;0.3456046184229944;ommited for csv readability;24.0;[4 4 4 4 4 4]
CiteSeer;own;own;0;64;0.5;1;0.005;615395017.0;1.0;1.0;ommited for csv readability;0.3667247386759582;0.32855302912170364;ommited for csv readability;0.3706293706293706;0.3430796564852559;ommited for csv readability;30.0;[5 5 5 5 5 5]
CiteSeer;own;own;0;64;0.5;1;0.005;615395017.0;1.0;1.0;ommited for csv readability;0.3737991266375546;0.3329735260432512;ommited for csv readability;0.38161838161838163;0.3531451003467132;ommited for csv readability;36.0;[6 6 6 6 6 6]
CiteSeer;own;own;0;64;0.5;1;0.005;615395017.0;1.0;1.0;ommited for csv readability;0.38441330998248685;0.34049296324158945;ommited for csv readability;0.4255744255744256;0.3953117959543042;ommited for csv readability;42.0;[7 7 7 7 7 7]
CiteSeer;own;own;0;64;0.5;1;0.005;615395017.0;1.0;1.0;ommited for csv readability;0.4060579455662862;0.36283095590569453;ommited for csv readability;0.4195804195804196;0.3888191378385308;ommited for csv readability;48.0;[8 8 8 8 8 8]
CiteSeer;own;own;0;64;0.5;1;0.005;615395017.0;1.0;1.0;ommited for csv readability;0.4141725352112676;0.37369406013808043;ommited for csv readability;0.41858141858141856;0.38939668703539115;ommited for csv readability;54.0;[9 9 9 9 9 9]
CiteSeer;own;own;0;64;0.5;1;0.005;615395017.0;1.0;1.0;ommited for csv readability;0.4210061782877317;0.381099964518903;ommited for csv readability;0.43356643356643354;0.3990435444083402;ommited for csv readability;60.0;[10 10 10 10 10 10]
CiteSeer;own;own;0;64;0.5;1;0.005;615395017.0;0.9696969696969697;0.9696969696969697;ommited for csv readability;0.4517699115044248;0.42018266776484287;ommited for csv readability;0.44555444555444557;0.40978131325357636;ommited for csv readability;66.0;[11 11 11 11 11 11]
CiteSeer;own;own;0;64;0.5;1;0.005;615395017.0;0.9722222222222222;0.9722222222222222;ommited for csv readability;0.4405501330967169;0.40545419405432753;ommited for csv readability;0.46153846153846156;0.4367870293003264;ommited for csv readability;72.0;[12 12 12 12 12 12]
CiteSeer;own;own;0;64;0.5;1;0.005;615395017.0;0.9743589743589743;0.9743589743589745;ommited for csv readability;0.46619217081850534;0.43144556594314865;ommited for csv readability;0.45554445554445555;0.431707939871202;ommited for csv readability;78.0;[13 13 13 13 13 13]
CiteSeer;own;own;0;64;0.5;1;0.005;615395017.0;0.9523809523809523;0.9523809523809524;ommited for csv readability;0.4594112399643176;0.4263502717650464;ommited for csv readability;0.45854145854145856;0.4319340034677482;ommited for csv readability;84.0;[14 14 14 14 14 14]
CiteSeer;own;own;0;64;0.5;1;0.005;615395017.0;0.9555555555555556;0.9555555555555556;ommited for csv readability;0.4646690518783542;0.4293617967942054;ommited for csv readability;0.47052947052947053;0.44122433595764154;ommited for csv readability;90.0;[15 15 15 15 15 15]
CiteSeer;own;own;0;64;0.5;1;0.005;615395017.0;0.9583333333333334;0.9583333333333334;ommited for csv readability;0.4717488789237668;0.44153522220308566;ommited for csv readability;0.47052947052947053;0.4447677449043679;ommited for csv readability;96.0;[16 16 16 16 16 16]
CiteSeer;own;own;0;64;0.5;1;0.005;615395017.0;0.9607843137254902;0.9607843137254902;ommited for csv readability;0.4680755395683453;0.4365014433458767;ommited for csv readability;0.4825174825174825;0.45401488224541325;ommited for csv readability;102.0;[17 17 17 17 17 17]
CiteSeer;own;own;0;64;0.5;1;0.005;615395017.0;0.9629629629629629;0.9629629629629629;ommited for csv readability;0.4833183047790803;0.4509462531030266;ommited for csv readability;0.47952047952047955;0.4509037415516306;ommited for csv readability;108.0;[18 18 18 18 18 18]
CiteSeer;own;own;0;64;0.5;1;0.005;615395017.0;0.9649122807017544;0.9649122807017544;ommited for csv readability;0.4778481012658228;0.44719649881930734;ommited for csv readability;0.4805194805194805;0.44795045801831107;ommited for csv readability;114.0;[19 19 19 19 19 19]
CiteSeer;own;own;0;64;0.5;1;0.005;615395017.0;0.9666666666666667;0.9666666666666668;ommited for csv readability;0.4786944696282865;0.44613291394359056;ommited for csv readability;0.4945054945054945;0.4696221759430075;ommited for csv readability;120.0;[20 20 20 20 20 20]


CiteSeer;own;own;0;64;0.5;1;0.005;2140929057.0;0.0;0.0;[[]];0.16337059329320722;0.16073058177812316;ommited for csv readability;0.15884115884115885;0.155846947620316;ommited for csv readability;0.0;[]
CiteSeer;own;own;0;64;0.5;1;0.005;2140929057.0;1.0;1.0;ommited for csv readability;0.3310344827586207;0.29670716767176053;ommited for csv readability;0.32967032967032966;0.29696492280749404;ommited for csv readability;6.0;[1 1 1 1 1 1]
CiteSeer;own;own;0;64;0.5;1;0.005;2140929057.0;1.0;1.0;ommited for csv readability;0.3681936041486603;0.3324176764387448;ommited for csv readability;0.36363636363636365;0.32587991594386484;ommited for csv readability;12.0;[2 2 2 2 2 2]
CiteSeer;own;own;0;64;0.5;1;0.005;2140929057.0;1.0;1.0;ommited for csv readability;0.37694974003466203;0.33641577453059845;ommited for csv readability;0.38461538461538464;0.3450619935506616;ommited for csv readability;18.0;[3 3 3 3 3 3]
CiteSeer;own;own;0;64;0.5;1;0.005;2140929057.0;1.0;1.0;ommited for csv readability;0.4092093831450912;0.36652484970810956;ommited for csv readability;0.3906093906093906;0.35188581579940487;ommited for csv readability;24.0;[4 4 4 4 4 4]
CiteSeer;own;own;0;64;0.5;1;0.005;2140929057.0;1.0;1.0;ommited for csv readability;0.40505226480836237;0.3548464590078337;ommited for csv readability;0.3886113886113886;0.3467542749190553;ommited for csv readability;30.0;[5 5 5 5 5 5]
CiteSeer;own;own;0;64;0.5;1;0.005;2140929057.0;1.0;1.0;ommited for csv readability;0.42358078602620086;0.3750164981626048;ommited for csv readability;0.4045954045954046;0.3593193828919929;ommited for csv readability;36.0;[6 6 6 6 6 6]
CiteSeer;own;own;0;64;0.5;1;0.005;2140929057.0;1.0;1.0;ommited for csv readability;0.419877408056042;0.3779350469525402;ommited for csv readability;0.4085914085914086;0.37980653879747667;ommited for csv readability;42.0;[7 7 7 7 7 7]
CiteSeer;own;own;0;64;0.5;1;0.005;2140929057.0;1.0;1.0;ommited for csv readability;0.44688323090430204;0.4049450371617343;ommited for csv readability;0.43656343656343655;0.4016485020985567;ommited for csv readability;48.0;[8 8 8 8 8 8]
CiteSeer;own;own;0;64;0.5;1;0.005;2140929057.0;1.0;1.0;ommited for csv readability;0.4423415492957746;0.4028785856566705;ommited for csv readability;0.4205794205794206;0.38915639513614336;ommited for csv readability;54.0;[9 9 9 9 9 9]
CiteSeer;own;own;0;64;0.5;1;0.005;2140929057.0;1.0;1.0;ommited for csv readability;0.44880847308031774;0.4064615255441965;ommited for csv readability;0.4355644355644356;0.4013378209483068;ommited for csv readability;60.0;[10 10 10 10 10 10]
CiteSeer;own;own;0;64;0.5;1;0.005;2140929057.0;1.0;1.0;ommited for csv readability;0.4393805309734513;0.3972992075197161;ommited for csv readability;0.42357642357642356;0.394790028101748;ommited for csv readability;66.0;[11 11 11 11 11 11]
CiteSeer;own;own;0;64;0.5;1;0.005;2140929057.0;1.0;1.0;ommited for csv readability;0.4445430346051464;0.4068975479259216;ommited for csv readability;0.4195804195804196;0.38884893254182057;ommited for csv readability;72.0;[12 12 12 12 12 12]
CiteSeer;own;own;0;64;0.5;1;0.005;2140929057.0;1.0;1.0;ommited for csv readability;0.4443950177935943;0.40346295213814387;ommited for csv readability;0.4155844155844156;0.3863286922194716;ommited for csv readability;78.0;[13 13 13 13 13 13]
CiteSeer;own;own;0;64;0.5;1;0.005;2140929057.0;0.9761904761904762;0.9761904761904763;ommited for csv readability;0.4424620874219447;0.40250496554826265;ommited for csv readability;0.4195804195804196;0.3872983306846516;ommited for csv readability;84.0;[14 14 14 14 14 14]
CiteSeer;own;own;0;64;0.5;1;0.005;2140929057.0;0.9777777777777777;0.9777777777777779;ommited for csv readability;0.45304114490161;0.4130604416478835;ommited for csv readability;0.43156843156843155;0.40271919638085246;ommited for csv readability;90.0;[15 15 15 15 15 15]
CiteSeer;own;own;0;64;0.5;1;0.005;2140929057.0;0.9791666666666666;0.9791666666666666;ommited for csv readability;0.46457399103139013;0.4261608918591548;ommited for csv readability;0.43356643356643354;0.40310607045154234;ommited for csv readability;96.0;[16 16 16 16 16 16]
CiteSeer;own;own;0;64;0.5;1;0.005;2140929057.0;0.9803921568627451;0.9803921568627452;ommited for csv readability;0.47526978417266186;0.4389242547738048;ommited for csv readability;0.43656343656343655;0.4056219467034055;ommited for csv readability;102.0;[17 17 17 17 17 17]
CiteSeer;own;own;0;64;0.5;1;0.005;2140929057.0;0.9814814814814815;0.9814814814814815;ommited for csv readability;0.48151487826871053;0.44475990583058644;ommited for csv readability;0.45854145854145856;0.4279136940463888;ommited for csv readability;108.0;[18 18 18 18 18 18]
CiteSeer;own;own;0;64;0.5;1;0.005;2140929057.0;0.9824561403508771;0.9824561403508772;ommited for csv readability;0.4864376130198915;0.44871223916872816;ommited for csv readability;0.4565434565434565;0.42451676756782075;ommited for csv readability;114.0;[19 19 19 19 19 19]
CiteSeer;own;own;0;64;0.5;1;0.005;2140929057.0;0.9833333333333333;0.9833333333333334;ommited for csv readability;0.4873073436083409;0.4508786579026199;ommited for csv readability;0.4725274725274725;0.4385970583914269;ommited for csv readability;120.0;[20 20 20 20 20 20]


CiteSeer;own;own;0;64;0.5;1;0.005;1240197975.0;0.0;0.0;[[]];0.15993121238177127;0.1572952358372868;ommited for csv readability;0.15784215784215785;0.15372034386362424;ommited for csv readability;0.0;[]
CiteSeer;own;own;0;64;0.5;1;0.005;1240197975.0;1.0;1.0;ommited for csv readability;0.25646551724137934;0.2397011006198028;ommited for csv readability;0.24875124875124874;0.22998538604320298;ommited for csv readability;6.0;[1 1 1 1 1 1]
CiteSeer;own;own;0;64;0.5;1;0.005;1240197975.0;1.0;1.0;ommited for csv readability;0.2515125324114088;0.2359526199204206;ommited for csv readability;0.22077922077922077;0.2135982949413355;ommited for csv readability;12.0;[2 2 2 2 2 2]
CiteSeer;own;own;0;64;0.5;1;0.005;1240197975.0;1.0;1.0;ommited for csv readability;0.25086655112651646;0.2428365697040972;ommited for csv readability;0.22677322677322678;0.21724903437421073;ommited for csv readability;18.0;[3 3 3 3 3 3]
CiteSeer;own;own;0;64;0.5;1;0.005;1240197975.0;1.0;1.0;ommited for csv readability;0.2463075586446568;0.23560466269526673;ommited for csv readability;0.26173826173826176;0.2524346016194391;ommited for csv readability;24.0;[4 4 4 4 4 4]
CiteSeer;own;own;0;64;0.5;1;0.005;1240197975.0;1.0;1.0;ommited for csv readability;0.29573170731707316;0.2868350087027603;ommited for csv readability;0.2887112887112887;0.27577708747536717;ommited for csv readability;30.0;[5 5 5 5 5 5]
CiteSeer;own;own;0;64;0.5;1;0.005;1240197975.0;1.0;1.0;ommited for csv readability;0.30393013100436683;0.2944596357595912;ommited for csv readability;0.2907092907092907;0.28626248529207143;ommited for csv readability;36.0;[6 6 6 6 6 6]
CiteSeer;own;own;0;64;0.5;1;0.005;1240197975.0;1.0;1.0;ommited for csv readability;0.28984238178633975;0.28101909713064027;ommited for csv readability;0.3196803196803197;0.31160673347793405;ommited for csv readability;42.0;[7 7 7 7 7 7]
CiteSeer;own;own;0;64;0.5;1;0.005;1240197975.0;1.0;1.0;ommited for csv readability;0.32484635645302895;0.30796846232711245;ommited for csv readability;0.3306693306693307;0.3174235077385787;ommited for csv readability;48.0;[8 8 8 8 8 8]
CiteSeer;own;own;0;64;0.5;1;0.005;1240197975.0;1.0;1.0;ommited for csv readability;0.3595950704225352;0.3338753960733572;ommited for csv readability;0.35264735264735264;0.33075310480184;ommited for csv readability;54.0;[9 9 9 9 9 9]
CiteSeer;own;own;0;64;0.5;1;0.005;1240197975.0;1.0;1.0;ommited for csv readability;0.36937334510150044;0.34135475436237833;ommited for csv readability;0.3516483516483517;0.33125367618372803;ommited for csv readability;60.0;[10 10 10 10 10 10]
CiteSeer;own;own;0;64;0.5;1;0.005;1240197975.0;1.0;1.0;ommited for csv readability;0.3902654867256637;0.3595425897197128;ommited for csv readability;0.3776223776223776;0.3494296495621099;ommited for csv readability;66.0;[11 11 11 11 11 11]
CiteSeer;own;own;0;64;0.5;1;0.005;1240197975.0;1.0;1.0;ommited for csv readability;0.3890860692102928;0.35376524484407024;ommited for csv readability;0.3886113886113886;0.3616235804512451;ommited for csv readability;72.0;[12 12 12 12 12 12]
CiteSeer;own;own;0;64;0.5;1;0.005;1240197975.0;1.0;1.0;ommited for csv readability;0.39902135231316727;0.3685924804205018;ommited for csv readability;0.3776223776223776;0.3525909769926254;ommited for csv readability;78.0;[13 13 13 13 13 13]
CiteSeer;own;own;0;64;0.5;1;0.005;1240197975.0;1.0;1.0;ommited for csv readability;0.4130240856378234;0.3742027290423586;ommited for csv readability;0.4005994005994006;0.3684093455960656;ommited for csv readability;84.0;[14 14 14 14 14 14]
CiteSeer;own;own;0;64;0.5;1;0.005;1240197975.0;1.0;1.0;ommited for csv readability;0.4288908765652952;0.39467987648832487;ommited for csv readability;0.4035964035964036;0.37497331848058485;ommited for csv readability;90.0;[15 15 15 15 15 15]
CiteSeer;own;own;0;64;0.5;1;0.005;1240197975.0;1.0;1.0;ommited for csv readability;0.4188340807174888;0.3901962120570435;ommited for csv readability;0.41058941058941056;0.3864177652701833;ommited for csv readability;96.0;[16 16 16 16 16 16]
CiteSeer;own;own;0;64;0.5;1;0.005;1240197975.0;1.0;1.0;ommited for csv readability;0.4262589928057554;0.38599651681050257;ommited for csv readability;0.41858141858141856;0.386932538300762;ommited for csv readability;102.0;[17 17 17 17 17 17]
CiteSeer;own;own;0;64;0.5;1;0.005;1240197975.0;1.0;1.0;ommited for csv readability;0.4472497745716862;0.41189254450419993;ommited for csv readability;0.4405594405594406;0.4137636359852903;ommited for csv readability;108.0;[18 18 18 18 18 18]
CiteSeer;own;own;0;64;0.5;1;0.005;1240197975.0;1.0;1.0;ommited for csv readability;0.46880650994575046;0.4358269485268708;ommited for csv readability;0.4405594405594406;0.41621100535649896;ommited for csv readability;114.0;[19 19 19 19 19 19]
CiteSeer;own;own;0;64;0.5;1;0.005;1240197975.0;1.0;1.0;ommited for csv readability;0.46872166817769717;0.43426728406761755;ommited for csv readability;0.44655344655344653;0.42602525445031464;ommited for csv readability;120.0;[20 20 20 20 20 20]


CiteSeer;own;own;0;64;0.5;1;0.005;784866329.0;0.0;0.0;[[]];0.17927773000859845;0.1759016908167439;ommited for csv readability;0.15484515484515485;0.1515755506412414;ommited for csv readability;0.0;[]
CiteSeer;own;own;0;64;0.5;1;0.005;784866329.0;1.0;1.0;ommited for csv readability;0.2685344827586207;0.23307983842035318;ommited for csv readability;0.27372627372627373;0.24273975664080374;ommited for csv readability;6.0;[1 1 1 1 1 1]
CiteSeer;own;own;0;64;0.5;1;0.005;784866329.0;1.0;1.0;ommited for csv readability;0.3094209161624892;0.27376517408437034;ommited for csv readability;0.3166833166833167;0.2805384286149575;ommited for csv readability;12.0;[2 2 2 2 2 2]
CiteSeer;own;own;0;64;0.5;1;0.005;784866329.0;1.0;1.0;ommited for csv readability;0.3076256499133449;0.2733927973258606;ommited for csv readability;0.3226773226773227;0.2873707054892019;ommited for csv readability;18.0;[3 3 3 3 3 3]
CiteSeer;own;own;0;64;0.5;1;0.005;784866329.0;1.0;1.0;ommited for csv readability;0.3245004344048653;0.279002841869637;ommited for csv readability;0.3306693306693307;0.2890888934761582;ommited for csv readability;24.0;[4 4 4 4 4 4]
CiteSeer;own;own;0;64;0.5;1;0.005;784866329.0;1.0;1.0;ommited for csv readability;0.3375435540069686;0.30427775348776415;ommited for csv readability;0.34865134865134867;0.32079617680860145;ommited for csv readability;30.0;[5 5 5 5 5 5]
CiteSeer;own;own;0;64;0.5;1;0.005;784866329.0;1.0;1.0;ommited for csv readability;0.35807860262008734;0.32064472603771;ommited for csv readability;0.37662337662337664;0.3394461909779338;ommited for csv readability;36.0;[6 6 6 6 6 6]
CiteSeer;own;own;0;64;0.5;1;0.005;784866329.0;1.0;1.0;ommited for csv readability;0.38441330998248685;0.3509618885139181;ommited for csv readability;0.38161838161838163;0.3515715317957886;ommited for csv readability;42.0;[7 7 7 7 7 7]
CiteSeer;own;own;0;64;0.5;1;0.005;784866329.0;1.0;1.0;ommited for csv readability;0.40693590869183494;0.37158043148686964;ommited for csv readability;0.4015984015984016;0.3730709817661977;ommited for csv readability;48.0;[8 8 8 8 8 8]
CiteSeer;own;own;0;64;0.5;1;0.005;784866329.0;1.0;1.0;ommited for csv readability;0.414612676056338;0.381910931471852;ommited for csv readability;0.4005994005994006;0.3752858630679088;ommited for csv readability;54.0;[9 9 9 9 9 9]
CiteSeer;own;own;0;64;0.5;1;0.005;784866329.0;1.0;1.0;ommited for csv readability;0.4187996469549868;0.3903398518721706;ommited for csv readability;0.4195804195804196;0.3945834459639097;ommited for csv readability;60.0;[10 10 10 10 10 10]
CiteSeer;own;own;0;64;0.5;1;0.005;784866329.0;1.0;1.0;ommited for csv readability;0.4119469026548673;0.3855937561619364;ommited for csv readability;0.4035964035964036;0.38239820105540406;ommited for csv readability;66.0;[11 11 11 11 11 11]
CiteSeer;own;own;0;64;0.5;1;0.005;784866329.0;1.0;1.0;ommited for csv readability;0.4152617568766637;0.38890333639501523;ommited for csv readability;0.4085914085914086;0.3851298978905502;ommited for csv readability;72.0;[12 12 12 12 12 12]
CiteSeer;own;own;0;64;0.5;1;0.005;784866329.0;1.0;1.0;ommited for csv readability;0.41725978647686834;0.39278883089649547;ommited for csv readability;0.4075924075924076;0.38375799988975273;ommited for csv readability;78.0;[13 13 13 13 13 13]
CiteSeer;own;own;0;64;0.5;1;0.005;784866329.0;1.0;1.0;ommited for csv readability;0.42105263157894735;0.3961455189335097;ommited for csv readability;0.4145854145854146;0.3962158654580897;ommited for csv readability;84.0;[14 14 14 14 14 14]
CiteSeer;own;own;0;64;0.5;1;0.005;784866329.0;1.0;1.0;ommited for csv readability;0.41949910554561715;0.39596763689961206;ommited for csv readability;0.42357642357642356;0.408469299856635;ommited for csv readability;90.0;[15 15 15 15 15 15]
CiteSeer;own;own;0;64;0.5;1;0.005;784866329.0;0.9791666666666666;0.9791666666666666;ommited for csv readability;0.4399103139013453;0.41409178378422684;ommited for csv readability;0.42657342657342656;0.40918999047109234;ommited for csv readability;96.0;[16 16 16 16 16 16]
CiteSeer;own;own;0;64;0.5;1;0.005;784866329.0;0.9607843137254902;0.9607843137254902;ommited for csv readability;0.44199640287769787;0.41993353080682067;ommited for csv readability;0.4175824175824176;0.4007479951533073;ommited for csv readability;102.0;[17 17 17 17 17 17]
CiteSeer;own;own;0;64;0.5;1;0.005;784866329.0;0.9444444444444444;0.9444444444444445;ommited for csv readability;0.43417493237150584;0.40915966378860674;ommited for csv readability;0.42657342657342656;0.40630717703956876;ommited for csv readability;108.0;[18 18 18 18 18 18]
CiteSeer;own;own;0;64;0.5;1;0.005;784866329.0;0.9473684210526315;0.9473684210526315;ommited for csv readability;0.44168173598553345;0.4172121923615235;ommited for csv readability;0.43656343656343655;0.4162759720574274;ommited for csv readability;114.0;[19 19 19 19 19 19]
CiteSeer;own;own;0;64;0.5;1;0.005;784866329.0;0.95;0.9500000000000001;ommited for csv readability;0.4528558476881233;0.43048978051141357;ommited for csv readability;0.4355644355644356;0.41482211836044547;ommited for csv readability;120.0;[20 20 20 20 20 20]


CiteSeer;own;own;0;64;0.5;1;0.005;1866817562.0;0.0;0.0;[[]];0.17282889079965605;0.168738865493781;ommited for csv readability;0.15884115884115885;0.15576794914668202;ommited for csv readability;0.0;[]
CiteSeer;own;own;0;64;0.5;1;0.005;1866817562.0;1.0;1.0;ommited for csv readability;0.2206896551724138;0.2041229071384388;ommited for csv readability;0.21478521478521478;0.19637812215322162;ommited for csv readability;6.0;[1 1 1 1 1 1]
CiteSeer;own;own;0;64;0.5;1;0.005;1866817562.0;1.0;1.0;ommited for csv readability;0.34831460674157305;0.30912537561423953;ommited for csv readability;0.3546453546453546;0.31592134294637414;ommited for csv readability;12.0;[2 2 2 2 2 2]
CiteSeer;own;own;0;64;0.5;1;0.005;1866817562.0;1.0;1.0;ommited for csv readability;0.3617850953206239;0.32199147371588405;ommited for csv readability;0.34065934065934067;0.3004561213492906;ommited for csv readability;18.0;[3 3 3 3 3 3]
CiteSeer;own;own;0;64;0.5;1;0.005;1866817562.0;1.0;1.0;ommited for csv readability;0.35447437011294525;0.3117353127591412;ommited for csv readability;0.3436563436563437;0.3038893846986329;ommited for csv readability;24.0;[4 4 4 4 4 4]
CiteSeer;own;own;0;64;0.5;1;0.005;1866817562.0;1.0;1.0;ommited for csv readability;0.375;0.3212145350677778;ommited for csv readability;0.35564435564435565;0.30714114525042246;ommited for csv readability;30.0;[5 5 5 5 5 5]
CiteSeer;own;own;0;64;0.5;1;0.005;1866817562.0;1.0;1.0;ommited for csv readability;0.4283842794759825;0.38325561291589366;ommited for csv readability;0.4085914085914086;0.363581429085525;ommited for csv readability;36.0;[6 6 6 6 6 6]
CiteSeer;own;own;0;64;0.5;1;0.005;1866817562.0;1.0;1.0;ommited for csv readability;0.44308231173380036;0.40375106929037236;ommited for csv readability;0.4405594405594406;0.40124809877116174;ommited for csv readability;42.0;[7 7 7 7 7 7]
CiteSeer;own;own;0;64;0.5;1;0.005;1866817562.0;1.0;1.0;ommited for csv readability;0.44512730465320455;0.40405924283021805;ommited for csv readability;0.45054945054945056;0.4131150347829791;ommited for csv readability;48.0;[8 8 8 8 8 8]
CiteSeer;own;own;0;64;0.5;1;0.005;1866817562.0;1.0;1.0;ommited for csv readability;0.4467429577464789;0.40614688227240786;ommited for csv readability;0.43156843156843155;0.39434755965053236;ommited for csv readability;54.0;[9 9 9 9 9 9]
CiteSeer;own;own;0;64;0.5;1;0.005;1866817562.0;1.0;1.0;ommited for csv readability;0.42144748455428066;0.3892601848672306;ommited for csv readability;0.43356643356643354;0.4083928000177744;ommited for csv readability;60.0;[10 10 10 10 10 10]
CiteSeer;own;own;0;64;0.5;1;0.005;1866817562.0;1.0;1.0;ommited for csv readability;0.42212389380530974;0.3914163874846035;ommited for csv readability;0.4275724275724276;0.4014696278509313;ommited for csv readability;66.0;[11 11 11 11 11 11]
CiteSeer;own;own;0;64;0.5;1;0.005;1866817562.0;1.0;1.0;ommited for csv readability;0.4356699201419698;0.4049931154271409;ommited for csv readability;0.4325674325674326;0.40797083575941867;ommited for csv readability;72.0;[12 12 12 12 12 12]
CiteSeer;own;own;0;64;0.5;1;0.005;1866817562.0;1.0;1.0;ommited for csv readability;0.4346085409252669;0.40263435827189603;ommited for csv readability;0.43656343656343655;0.414865413641639;ommited for csv readability;78.0;[13 13 13 13 13 13]
CiteSeer;own;own;0;64;0.5;1;0.005;1866817562.0;1.0;1.0;ommited for csv readability;0.4433541480820696;0.4124429635020621;ommited for csv readability;0.4205794205794206;0.3987787417884691;ommited for csv readability;84.0;[14 14 14 14 14 14]
CiteSeer;own;own;0;64;0.5;1;0.005;1866817562.0;1.0;1.0;ommited for csv readability;0.436046511627907;0.4088541364697096;ommited for csv readability;0.43156843156843155;0.4081096455465385;ommited for csv readability;90.0;[15 15 15 15 15 15]
CiteSeer;own;own;0;64;0.5;1;0.005;1866817562.0;1.0;1.0;ommited for csv readability;0.452914798206278;0.42458763575098013;ommited for csv readability;0.4065934065934066;0.3857873485494818;ommited for csv readability;96.0;[16 16 16 16 16 16]
CiteSeer;own;own;0;64;0.5;1;0.005;1866817562.0;1.0;1.0;ommited for csv readability;0.4626798561151079;0.43992691930312633;ommited for csv readability;0.42657342657342656;0.4125502902703649;ommited for csv readability;102.0;[17 17 17 17 17 17]
CiteSeer;own;own;0;64;0.5;1;0.005;1866817562.0;1.0;1.0;ommited for csv readability;0.4612263300270514;0.43487117724696905;ommited for csv readability;0.43356643356643354;0.41939948163405183;ommited for csv readability;108.0;[18 18 18 18 18 18]
CiteSeer;own;own;0;64;0.5;1;0.005;1866817562.0;0.9912280701754386;0.9912219912219912;ommited for csv readability;0.4624773960216998;0.43507804508386205;ommited for csv readability;0.4355644355644356;0.42166966790857324;ommited for csv readability;114.0;[19 19 19 19 19 19]
CiteSeer;own;own;0;64;0.5;1;0.005;1866817562.0;0.9916666666666667;0.9916614550760893;ommited for csv readability;0.4582955575702629;0.43229653933180784;ommited for csv readability;0.43956043956043955;0.42710548013479716;ommited for csv readability;120.0;[20 20 20 20 20 20]


CiteSeer;own;own;0;64;0.5;1;0.005;503786444.0;0.0;0.0;[[]];0.16251074806534824;0.15975254600309693;ommited for csv readability;0.15484515484515485;0.15129848059980422;ommited for csv readability;0.0;[]
CiteSeer;own;own;0;64;0.5;1;0.005;503786444.0;1.0;1.0;ommited for csv readability;0.265948275862069;0.22463399625702188;ommited for csv readability;0.25874125874125875;0.22340341417743928;ommited for csv readability;6.0;[1 1 1 1 1 1]
CiteSeer;own;own;0;64;0.5;1;0.005;503786444.0;1.0;1.0;ommited for csv readability;0.2636127917026793;0.23607351849461466;ommited for csv readability;0.25374625374625376;0.22305277445995;ommited for csv readability;12.0;[2 2 2 2 2 2]
CiteSeer;own;own;0;64;0.5;1;0.005;503786444.0;1.0;1.0;ommited for csv readability;0.2720970537261698;0.24310527426997808;ommited for csv readability;0.2677322677322677;0.2416975031493289;ommited for csv readability;18.0;[3 3 3 3 3 3]
CiteSeer;own;own;0;64;0.5;1;0.005;503786444.0;1.0;1.0;ommited for csv readability;0.2993049522154648;0.2733852346908355;ommited for csv readability;0.3046953046953047;0.28148475199177575;ommited for csv readability;24.0;[4 4 4 4 4 4]
CiteSeer;own;own;0;64;0.5;1;0.005;503786444.0;1.0;1.0;ommited for csv readability;0.39242160278745647;0.36042441148222676;ommited for csv readability;0.3786213786213786;0.35376286477898705;ommited for csv readability;30.0;[5 5 5 5 5 5]
CiteSeer;own;own;0;64;0.5;1;0.005;503786444.0;1.0;1.0;ommited for csv readability;0.3685589519650655;0.3353286133897508;ommited for csv readability;0.36863136863136864;0.3428602142910502;ommited for csv readability;36.0;[6 6 6 6 6 6]
CiteSeer;own;own;0;64;0.5;1;0.005;503786444.0;1.0;1.0;ommited for csv readability;0.38572679509632224;0.35741633919465876;ommited for csv readability;0.35764235764235763;0.3352987919665001;ommited for csv readability;42.0;[7 7 7 7 7 7]
CiteSeer;own;own;0;64;0.5;1;0.005;503786444.0;1.0;1.0;ommited for csv readability;0.38849868305531166;0.3585105916329327;ommited for csv readability;0.3866133866133866;0.36580087935618805;ommited for csv readability;48.0;[8 8 8 8 8 8]
CiteSeer;own;own;0;64;0.5;1;0.005;503786444.0;1.0;1.0;ommited for csv readability;0.3987676056338028;0.3751573848829766;ommited for csv readability;0.38161838161838163;0.3686652522766127;ommited for csv readability;54.0;[9 9 9 9 9 9]
CiteSeer;own;own;0;64;0.5;1;0.005;503786444.0;1.0;1.0;ommited for csv readability;0.40511915269196824;0.385929275464645;ommited for csv readability;0.3946053946053946;0.38352420334074394;ommited for csv readability;60.0;[10 10 10 10 10 10]
CiteSeer;own;own;0;64;0.5;1;0.005;503786444.0;1.0;1.0;ommited for csv readability;0.3938053097345133;0.3759666098771693;ommited for csv readability;0.36663336663336665;0.35503091322810804;ommited for csv readability;66.0;[11 11 11 11 11 11]
CiteSeer;own;own;0;64;0.5;1;0.005;503786444.0;1.0;1.0;ommited for csv readability;0.4090505767524401;0.39091023699877336;ommited for csv readability;0.37362637362637363;0.36223012499367174;ommited for csv readability;72.0;[12 12 12 12 12 12]
CiteSeer;own;own;0;64;0.5;1;0.005;503786444.0;1.0;1.0;ommited for csv readability;0.43994661921708184;0.41298312623152184;ommited for csv readability;0.42157842157842157;0.4018672305093815;ommited for csv readability;78.0;[13 13 13 13 13 13]
CiteSeer;own;own;0;64;0.5;1;0.005;503786444.0;1.0;1.0;ommited for csv readability;0.4362176628010705;0.41109007422423044;ommited for csv readability;0.4275724275724276;0.4060518503398673;ommited for csv readability;84.0;[14 14 14 14 14 14]
CiteSeer;own;own;0;64;0.5;1;0.005;503786444.0;1.0;1.0;ommited for csv readability;0.4387298747763864;0.4120134802421056;ommited for csv readability;0.4255744255744256;0.40179301446530813;ommited for csv readability;90.0;[15 15 15 15 15 15]
CiteSeer;own;own;0;64;0.5;1;0.005;503786444.0;1.0;1.0;ommited for csv readability;0.45022421524663675;0.4247116293652046;ommited for csv readability;0.44755244755244755;0.4282933937334317;ommited for csv readability;96.0;[16 16 16 16 16 16]
CiteSeer;own;own;0;64;0.5;1;0.005;503786444.0;0.9803921568627451;0.9803921568627452;ommited for csv readability;0.4572841726618705;0.4305291668041699;ommited for csv readability;0.4485514485514486;0.42243776413681094;ommited for csv readability;102.0;[17 17 17 17 17 17]
CiteSeer;own;own;0;64;0.5;1;0.005;503786444.0;0.9814814814814815;0.9814814814814815;ommited for csv readability;0.4661857529305681;0.4415613428303575;ommited for csv readability;0.4385614385614386;0.4193172851204438;ommited for csv readability;108.0;[18 18 18 18 18 18]
CiteSeer;own;own;0;64;0.5;1;0.005;503786444.0;0.9824561403508771;0.9824561403508771;ommited for csv readability;0.46835443037974683;0.44187290208324875;ommited for csv readability;0.43956043956043955;0.4201933583967368;ommited for csv readability;114.0;[19 19 19 19 19 19]
CiteSeer;own;own;0;64;0.5;1;0.005;503786444.0;0.9833333333333333;0.9833333333333334;ommited for csv readability;0.46826835902085223;0.44193876418589095;ommited for csv readability;0.44455544455544455;0.4236834013403529;ommited for csv readability;120.0;[20 20 20 20 20 20]


CiteSeer;own;own;0;64;0.5;1;0.005;1256718679.0;0.0;0.0;[[]];0.1702493551160791;0.16491753136425572;ommited for csv readability;0.15284715284715283;0.14845390340365971;ommited for csv readability;0.0;[]
CiteSeer;own;own;0;64;0.5;1;0.005;1256718679.0;1.0;1.0;ommited for csv readability;0.26939655172413796;0.23871495475794988;ommited for csv readability;0.24875124875124874;0.21467810151460276;ommited for csv readability;6.0;[1 1 1 1 1 1]
CiteSeer;own;own;0;64;0.5;1;0.005;1256718679.0;1.0;1.0;ommited for csv readability;0.3050993949870354;0.2741524214292099;ommited for csv readability;0.27672327672327673;0.2502906358739538;ommited for csv readability;12.0;[2 2 2 2 2 2]
CiteSeer;own;own;0;64;0.5;1;0.005;1256718679.0;1.0;1.0;ommited for csv readability;0.34185441941074524;0.3193419250692669;ommited for csv readability;0.3176823176823177;0.29448549177212097;ommited for csv readability;18.0;[3 3 3 3 3 3]
CiteSeer;own;own;0;64;0.5;1;0.005;1256718679.0;1.0;1.0;ommited for csv readability;0.34535186794092093;0.3218072020268257;ommited for csv readability;0.33166833166833165;0.3127550776914881;ommited for csv readability;24.0;[4 4 4 4 4 4]
CiteSeer;own;own;0;64;0.5;1;0.005;1256718679.0;1.0;1.0;ommited for csv readability;0.3462543554006969;0.3235697638281087;ommited for csv readability;0.33766233766233766;0.3199729922193129;ommited for csv readability;30.0;[5 5 5 5 5 5]
CiteSeer;own;own;0;64;0.5;1;0.005;1256718679.0;1.0;1.0;ommited for csv readability;0.37292576419213974;0.35031268198316523;ommited for csv readability;0.35064935064935066;0.3352522480549356;ommited for csv readability;36.0;[6 6 6 6 6 6]
CiteSeer;own;own;0;64;0.5;1;0.005;1256718679.0;1.0;1.0;ommited for csv readability;0.4277583187390543;0.40219323669572477;ommited for csv readability;0.3906093906093906;0.3720439446236717;ommited for csv readability;42.0;[7 7 7 7 7 7]
CiteSeer;own;own;0;64;0.5;1;0.005;1256718679.0;1.0;1.0;ommited for csv readability;0.4288849868305531;0.4055302521455038;ommited for csv readability;0.3836163836163836;0.36458040990422513;ommited for csv readability;48.0;[8 8 8 8 8 8]
CiteSeer;own;own;0;64;0.5;1;0.005;1256718679.0;1.0;1.0;ommited for csv readability;0.4216549295774648;0.3981424190589274;ommited for csv readability;0.37662337662337664;0.35716594321904843;ommited for csv readability;54.0;[9 9 9 9 9 9]
CiteSeer;own;own;0;64;0.5;1;0.005;1256718679.0;1.0;1.0;ommited for csv readability;0.45145631067961167;0.4214668620897058;ommited for csv readability;0.4225774225774226;0.3978658206658892;ommited for csv readability;60.0;[10 10 10 10 10 10]
CiteSeer;own;own;0;64;0.5;1;0.005;1256718679.0;1.0;1.0;ommited for csv readability;0.44601769911504424;0.42386152692452916;ommited for csv readability;0.4005994005994006;0.3832758248086756;ommited for csv readability;66.0;[11 11 11 11 11 11]
CiteSeer;own;own;0;64;0.5;1;0.005;1256718679.0;1.0;1.0;ommited for csv readability;0.4476486246672582;0.4268375528114019;ommited for csv readability;0.4115884115884116;0.3963070918323295;ommited for csv readability;72.0;[12 12 12 12 12 12]
CiteSeer;own;own;0;64;0.5;1;0.005;1256718679.0;0.9871794871794872;0.9871604938271604;ommited for csv readability;0.4430604982206406;0.4188641024988066;ommited for csv readability;0.4085914085914086;0.3904620016974647;ommited for csv readability;78.0;[13 13 13 13 13 13]
CiteSeer;own;own;0;64;0.5;1;0.005;1256718679.0;0.9880952380952381;0.9880800340570456;ommited for csv readability;0.4576271186440678;0.4340066788984456;ommited for csv readability;0.4125874125874126;0.39665502676612013;ommited for csv readability;84.0;[14 14 14 14 14 14]
CiteSeer;own;own;0;64;0.5;1;0.005;1256718679.0;0.9888888888888889;0.988876529477197;ommited for csv readability;0.4597495527728086;0.43372609863496187;ommited for csv readability;0.43756243756243757;0.4219424659029766;ommited for csv readability;90.0;[15 15 15 15 15 15]
CiteSeer;own;own;0;64;0.5;1;0.005;1256718679.0;0.9895833333333334;0.9895731508634734;ommited for csv readability;0.4672645739910314;0.44046359848487465;ommited for csv readability;0.45254745254745254;0.43197424041327537;ommited for csv readability;96.0;[16 16 16 16 16 16]
CiteSeer;own;own;0;64;0.5;1;0.005;1256718679.0;0.9901960784313726;0.9901875901875902;ommited for csv readability;0.4739208633093525;0.4463760880056222;ommited for csv readability;0.43656343656343655;0.41618921005301973;ommited for csv readability;102.0;[17 17 17 17 17 17]
CiteSeer;own;own;0;64;0.5;1;0.005;1256718679.0;0.9907407407407407;0.9907335907335907;ommited for csv readability;0.4711451758340848;0.4422869979635304;ommited for csv readability;0.43756243756243757;0.4164721272845268;ommited for csv readability;108.0;[18 18 18 18 18 18]
CiteSeer;own;own;0;64;0.5;1;0.005;1256718679.0;0.9912280701754386;0.9912219912219912;ommited for csv readability;0.4783001808318264;0.45204664734683514;ommited for csv readability;0.44455544455544455;0.42559069421992063;ommited for csv readability;114.0;[19 19 19 19 19 19]
CiteSeer;own;own;0;64;0.5;1;0.005;1256718679.0;0.9833333333333333;0.9833229101521784;ommited for csv readability;0.4669084315503173;0.4410801123558774;ommited for csv readability;0.43756243756243757;0.42188318455245727;ommited for csv readability;120.0;[20 20 20 20 20 20]

